instante;testa_pequena_r;testa_pequena_g;testa_pequena_b;testa_pequena_px;testa_grande_r;testa_grande_g;testa_grande_b;testa_grande_px;bochechas_r;bochechas_g;bochechas_b;bochechas_px;conjunto_pequeno_r;conjunto_pequeno_g;conjunto_pequeno_b;conjunto_pequeno_px;conjunto_grande_r;conjunto_grande_g;conjunto_grande_b;conjunto_grande_px;fundo_r;fundo_g;fundo_b;caixa_x;caixa_y;caixa_l;caixa_a
0.45131;123.3149;93.3933;92.2649;2118;136.9874;101.1925;97.5387;3880;96.4591;95.9156;101.5417;9561;102.5789;94.9571;99.0429;8761;127.7495;94.9213;91.8503;9311;174.7158;176.1748;174.7416;67;165;294;294
0.48983;123.3149;93.3933;92.2649;2118;136.9874;101.1925;97.5387;3880;96.4591;95.9156;101.5417;9561;102.5789;94.9571;99.0429;8761;127.7495;94.9213;91.8503;9311;174.7158;176.1748;174.7416;67;165;294;294
0.52600;131.9572;99.8578;98.9143;2264;141.9534;105.3056;102.6971;4140;94.8297;95.4082;104.4022;8697;104.0513;96.2179;102.8207;8142;108.0473;97.8173;103.4870;15618;173.0885;173.1572;173.5802;67;165;294;294
0.54536;131.9572;99.8578;98.9143;2264;141.9534;105.3056;102.6971;4140;94.8297;95.4082;104.4022;8697;104.0513;96.2179;102.8207;8142;108.0473;97.8173;103.4870;15618;173.0885;173.1572;173.5802;67;165;294;294
0.58405;132.8109;102.0914;101.6214;2813;142.6267;106.2857;104.2617;4795;96.5664;98.4491;109.7082;8376;106.5169;99.0310;107.4235;8234;111.9269;100.9055;107.3098;16061;172.1957;171.1489;172.7382;67;165;294;294
0.60347;129.9695;101.0496;100.5364;2461;139.1453;104.6596;103.4952;4081;99.4302;99.4638;109.9385;7948;107.7232;100.3920;108.2537;7559;111.9110;101.0208;107.4839;14601;172.1957;171.1489;172.7382;68;167;281;281
0.63997;157.2468;122.1797;117.2386;2804;162.9796;123.7169;118.7792;5054;113.6919;108.8647;116.8722;8482;126.2795;112.8284;117.4844;8385;129.9185;113.6348;117.0729;16031;181.9503;180.6832;182.3565;68;167;281;281
0.68126;167.3111;125.4526;120.4536;3144;165.4412;124.5993;119.7893;5433;122.9504;115.7306;121.4391;8959;136.6042;117.6986;120.1390;8972;165.2978;124.9469;118.7591;10786;181.5433;180.0793;182.5768;78;163;277;277
0.72553;167.3111;125.4526;120.4536;3144;165.4412;124.5993;119.7893;5433;122.9504;115.7306;121.4391;8959;136.6042;117.6986;120.1390;8972;165.2978;124.9469;118.7591;10786;181.5433;180.0793;182.5768;78;163;277;277
0.74580;168.8324;127.6672;121.9597;3347;167.5129;128.8695;123.4398;5810;166.4359;125.7842;118.1296;4444;138.2716;117.9966;120.3135;9449;167.0886;127.9132;121.2150;11539;180.5715;177.8273;181.2604;81;157;279;279
0.79322;168.8324;127.6672;121.9597;3347;167.5129;128.8695;123.4398;5810;166.4359;125.7842;118.1296;4444;138.2716;117.9966;120.3135;9449;167.0886;127.9132;121.2150;11539;180.5715;177.8273;181.2604;81;157;279;279
0.81331;176.6363;136.3329;130.7247;3346;174.6247;136.8906;131.0145;5932;173.4556;132.1739;123.9625;4561;174.8921;133.6031;126.9010;6356;174.4516;135.4861;128.2556;11892;184.8469;182.2708;186.1175;81;154;278;278
0.85914;176.6363;136.3329;130.7247;3346;174.6247;136.8906;131.0145;5932;173.4556;132.1739;123.9625;4561;174.8921;133.6031;126.9010;6356;174.4516;135.4861;128.2556;11892;184.8469;182.2708;186.1175;81;154;278;278
0.87707;175.3306;135.1496;129.9463;3276;173.9545;136.8518;131.0581;5977;175.8544;135.3387;125.9385;4780;176.5609;135.1461;127.8778;6261;173.9993;135.9219;128.5063;12376;184.7667;181.7082;186.5044;85;152;276;276
0.92449;178.6669;140.9899;135.7309;3266;175.2774;140.6796;135.6885;6410;175.0738;133.5361;125.7164;4809;177.8270;136.9793;130.3481;6363;174.4683;137.0903;130.8327;12745;184.5854;181.9683;187.6152;85;152;276;276
0.94198;179.7522;142.5518;136.6300;3184;175.8529;141.5345;136.1699;6451;176.3524;134.9334;126.5180;5017;179.5132;138.6314;131.3822;6343;175.0276;137.8149;131.1964;12852;184.5854;181.9683;187.6152;86;150;275;275
0.98738;187.2785;148.1928;141.1488;3185;183.0525;146.9007;140.9490;6476;184.4006;145.3599;135.8856;5290;187.7644;147.3940;138.6635;6630;182.7194;145.4254;137.9819;13309;190.3158;187.6639;193.2187;86;150;275;275
1.00634;187.2312;147.8897;140.9761;3136;183.2845;146.8763;140.9202;6282;185.3684;146.0480;136.2487;5166;187.6894;147.2133;138.5765;6562;182.7011;145.3683;137.8922;13122;190.3158;187.6639;193.2187;88;151;272;272
1.05151;189.4033;151.6076;141.6890;3132;185.0613;150.1711;140.9888;6423;183.2023;143.1938;132.7652;5315;188.1682;148.0641;137.5209;6594;181.9845;145.0062;135.6373;13449;190.9692;188.7471;193.2019;88;151;272;272
1.06918;189.1148;151.6049;141.5242;3285;184.8401;150.3187;141.1877;6712;182.7543;142.7982;132.4564;5327;187.9973;147.9158;137.3889;6791;181.7290;144.9015;135.6549;13689;190.9692;188.7471;193.2019;85;150;276;276
1.10843;188.7629;151.9070;141.7072;3214;184.9622;150.6623;141.5901;6701;182.4659;144.1050;132.7997;5381;187.4903;148.6682;137.5797;6726;181.4536;145.6085;136.0474;13899;190.9065;189.6120;194.2976;85;150;276;276
1.16123;189.4218;139.7079;100.1731;3478;186.0963;139.0286;99.9821;7137;184.2885;133.8132;92.1736;6001;188.1073;137.2773;96.5813;7457;182.8326;134.2066;94.1215;15213;226.6407;224.6704;213.9263;82;150;276;276
1.20943;189.4218;139.7079;100.1731;3478;186.0963;139.0286;99.9821;7137;184.2885;133.8132;92.1736;6001;188.1073;137.2773;96.5813;7457;182.8326;134.2066;94.1215;15213;226.6407;224.6704;213.9263;82;150;276;276
1.22758;185.2302;146.9066;122.2489;3415;181.7607;145.4478;121.8518;7037;178.7265;136.3744;109.7121;5668;184.4222;142.7612;116.9405;7006;177.7964;138.9816;114.2423;14570;204.5097;207.3497;202.8637;80;150;275;275
1.28006;185.2302;146.9066;122.2489;3415;181.7607;145.4478;121.8518;7037;178.7265;136.3744;109.7121;5668;184.4222;142.7612;116.9405;7006;177.7964;138.9816;114.2423;14570;204.5097;207.3497;202.8637;80;150;275;275
1.29695;187.3169;141.7008;142.3489;2941;185.9491;142.7025;143.0014;5732;191.9763;141.7643;137.5264;4730;190.8552;141.8500;140.1726;5995;187.4466;141.1068;139.2869;11801;187.0480;176.0120;187.8369;78;150;274;274
1.34325;187.3169;141.7008;142.3489;2941;185.9491;142.7025;143.0014;5732;191.9763;141.7643;137.5264;4730;190.8552;141.8500;140.1726;5995;187.4466;141.1068;139.2869;11801;187.0480;176.0120;187.8369;78;150;274;274
1.36030;199.3381;157.2663;148.6129;3038;194.9386;155.9279;148.6587;6464;194.1158;146.7206;135.7672;5300;198.1241;151.9969;141.9556;6423;191.9714;149.1167;140.4227;13753;196.8181;191.5679;198.0789;75;150;273;273
1.39753;199.3381;157.2663;148.6129;3038;194.9386;155.9279;148.6587;6464;194.1158;146.7206;135.7672;5300;198.1241;151.9969;141.9556;6423;191.9714;149.1167;140.4227;13753;196.8181;191.5679;198.0789;75;150;273;273
1.41258;198.4654;156.4690;148.9764;3096;193.5301;154.2384;147.9030;6321;197.4170;149.7511;138.7968;5070;198.9111;153.0284;143.3738;6442;192.8967;149.9877;141.9465;13242;196.7835;191.4543;198.1374;73;150;271;271
1.45296;198.4654;156.4690;148.9764;3096;193.5301;154.2384;147.9030;6321;197.4170;149.7511;138.7968;5070;198.9111;153.0284;143.3738;6442;192.8967;149.9877;141.9465;13242;196.7835;191.4543;198.1374;73;150;271;271
1.47102;196.8146;155.3146;148.8231;3058;193.0069;154.4770;149.1452;6247;198.0600;149.9376;140.7578;4983;198.7948;152.9135;144.9160;6297;193.5309;150.6882;143.7385;13157;197.6125;191.9244;199.2134;72;150;269;269
1.53033;200.3716;160.5918;155.6549;2979;196.6786;159.8276;155.4295;6095;197.3715;148.7878;141.1818;4939;200.2049;154.7005;148.2673;6124;194.9514;152.7235;147.0116;12895;197.6833;191.8388;200.0140;72;150;269;269
1.54590;200.3675;160.5827;155.6500;2974;196.3238;159.6161;155.2868;6057;197.3616;148.8417;141.2685;4984;200.1695;154.5639;148.1617;6152;195.1378;152.8253;147.1260;12613;197.6833;191.8388;200.0140;72;150;268;268
1.59304;197.1470;155.4548;151.6322;2953;194.3427;155.2373;152.0008;5886;200.7329;154.3193;146.8630;4845;200.1351;154.8058;148.9007;6025;195.9624;153.3518;148.3156;12223;197.8446;191.4597;200.0876;72;150;268;268
1.60850;196.8960;155.4182;151.7110;2934;194.2374;155.3622;152.1298;5770;200.9654;153.7042;146.2877;4595;200.2103;154.8251;148.9270;5934;196.0633;153.3958;148.3618;12025;197.8446;191.4597;200.0876;71;150;267;267
1.64674;199.8115;159.5597;157.5493;2891;197.5077;160.4987;158.0993;5570;199.4247;151.8343;144.9398;4648;201.0086;155.8412;151.0532;5901;196.5130;154.4431;150.1854;11932;198.6553;191.9598;200.9639;71;150;267;267
1.66239;199.3705;159.1567;157.2740;2872;197.1147;160.1793;157.8635;5510;199.4673;151.3742;144.5283;4573;200.4853;155.0051;150.4365;5881;196.5797;154.3028;150.0815;11805;198.6553;191.9598;200.9639;70;150;266;266
1.70750;209.5256;170.4669;170.9894;2827;207.5815;170.8284;170.8314;5467;210.3082;164.9125;160.8925;4698;210.8324;167.4932;165.4721;5920;207.6675;166.7965;164.9399;11808;204.7040;196.4918;205.9116;70;150;266;266
1.72363;209.2064;170.3841;170.9241;2859;207.5440;171.1637;171.0501;5454;210.7540;164.7768;160.8717;4605;210.7506;167.1709;165.2653;5911;207.9395;167.0820;165.1544;11694;204.7040;196.4918;205.9116;68;149;266;266
1.77100;208.9235;168.9964;170.9281;2809;207.9337;170.4707;171.6398;5247;211.3078;164.8290;161.8670;4525;211.0827;166.5999;165.7986;5769;208.1088;166.3061;165.5548;11486;205.3304;194.2645;205.0382;68;149;266;266
1.78976;208.9375;169.4207;171.2142;2862;208.1102;170.9168;171.9591;5263;211.4549;164.6793;161.6777;4555;211.2934;166.9190;166.0564;5812;208.4659;166.6950;165.8598;11429;205.3304;194.2645;205.0382;67;148;266;266
1.82908;212.5261;173.7752;177.7301;2642;211.2126;175.4279;177.6502;4905;183.3320;169.0478;177.7639;8480;189.6053;167.3221;175.4418;8255;211.2585;169.1552;169.0410;10470;204.7641;193.7408;205.2419;67;148;266;266
1.88317;209.0801;169.4651;174.9981;2610;210.1163;172.2565;176.1680;4506;186.7496;174.1651;183.3585;8438;190.8681;169.2552;178.1803;8226;211.5748;169.4344;170.7839;10058;204.8677;192.9145;205.6205;67;147;266;266
1.92621;209.0801;169.4651;174.9981;2610;210.1163;172.2565;176.1680;4506;186.7496;174.1651;183.3585;8438;190.8681;169.2552;178.1803;8226;211.5748;169.4344;170.7839;10058;204.8677;192.9145;205.6205;67;147;266;266
1.94882;211.8032;174.2858;179.0649;2327;212.5910;176.5886;179.8789;4054;213.1541;165.1029;163.8468;4178;189.8438;169.2970;177.8470;7849;211.5314;169.1708;169.9681;9624;205.1555;194.0137;205.9100;67;146;264;264
1.99029;211.8032;174.2858;179.0649;2327;212.5910;176.5886;179.8789;4054;213.1541;165.1029;163.8468;4178;189.8438;169.2970;177.8470;7849;211.5314;169.1708;169.9681;9624;205.1555;194.0137;205.9100;67;146;264;264
2.01099;211.2507;172.1040;177.5964;2106;213.1713;174.5356;178.6077;3620;188.8250;176.6283;186.6483;8531;192.1043;172.5998;182.4649;7673;195.5642;176.1719;184.5319;14687;204.5421;192.7450;205.8335;66;144;264;264
2.05363;211.2507;172.1040;177.5964;2106;213.1713;174.5356;178.6077;3620;188.8250;176.6283;186.6483;8531;192.1043;172.5998;182.4649;7673;195.5642;176.1719;184.5319;14687;204.5421;192.7450;205.8335;66;144;264;264
2.07295;209.8186;170.6786;175.8505;2321;211.2932;174.0362;177.2963;4175;188.6741;176.8175;185.2527;8548;191.9418;172.0520;180.5705;7996;195.3152;175.9267;182.6639;15577;204.6826;193.7413;206.0541;64;142;266;266
2.12312;210.6920;174.0798;178.4258;2344;210.6251;176.4805;178.9891;4414;187.1423;176.0306;183.8596;8517;191.2669;172.3910;179.9325;8003;193.9467;175.4739;181.5958;15795;204.3317;193.6263;205.3859;64;142;266;266
2.14201;210.9645;175.2124;179.1913;2420;210.9495;177.2146;179.4214;4511;189.1799;177.4064;184.7531;8494;192.8511;174.0591;181.2036;8040;195.5789;176.9828;182.7043;15853;204.3317;193.6263;205.3859;63;140;266;266
2.18717;207.5457;170.1333;174.5868;2505;208.9135;172.6769;175.6327;4370;191.7364;181.6283;188.6289;8504;193.6267;175.4039;182.4454;8089;210.9596;170.8989;171.2808;9995;204.5293;194.9321;206.1609;63;140;266;266
2.20564;208.0312;171.1669;175.3290;2529;209.4772;173.6850;176.3646;4407;193.4172;182.8829;189.4378;8525;194.9850;177.0671;183.8003;8179;211.4169;171.5537;171.7853;10019;204.5293;194.9321;206.1609;62;138;267;267
2.25107;209.2622;175.4065;177.6990;2502;209.9377;177.3359;178.5929;4606;190.2129;180.0339;186.1605;8577;192.9239;175.6752;181.4720;8104;209.4971;171.2375;169.9908;10454;204.7331;196.7822;207.2420;62;138;267;267
2.26910;210.2189;177.0960;178.9312;2645;210.2144;178.2755;179.2495;4665;212.6774;168.3460;164.4781;4309;195.7808;178.0597;183.1052;8359;210.2417;172.1975;170.7478;10453;204.7331;196.7822;207.2420;62;136;266;266
2.30999;205.9010;170.4488;173.6634;2656;207.6833;173.2147;174.9146;4522;214.6160;172.1811;167.3878;4224;196.1966;178.2057;182.6882;8343;210.4164;172.0635;170.2398;10244;204.4874;196.7683;207.1191;62;136;266;266
2.36346;207.9610;173.4515;176.2410;2485;209.0407;175.4499;177.0036;4499;213.6893;171.1603;167.1469;4274;197.4585;179.6925;184.5607;8136;210.4293;172.3822;170.9122;10408;205.0669;197.4942;207.5026;62;134;265;265
2.40903;207.9610;173.4515;176.2410;2485;209.0407;175.4499;177.0036;4499;213.6893;171.1603;167.1469;4274;197.4585;179.6925;184.5607;8136;210.4293;172.3822;170.9122;10408;205.0669;197.4942;207.5026;62;134;265;265
2.42723;208.0518;175.4553;177.5935;2664;208.1940;176.5718;177.6840;4851;195.6515;185.0197;188.9988;8669;198.3372;181.3792;185.2034;8292;210.6495;174.1017;171.8608;10579;204.5930;197.9281;207.5592;62;132;265;265
2.47242;208.0518;175.4553;177.5935;2664;208.1940;176.5718;177.6840;4851;195.6515;185.0197;188.9988;8669;198.3372;181.3792;185.2034;8292;210.6495;174.1017;171.8608;10579;204.5930;197.9281;207.5592;62;132;265;265
2.49132;205.1891;172.2210;174.0577;2633;206.3124;174.6261;175.1642;4603;200.1630;190.0532;192.9740;8737;199.8354;182.5027;185.6382;8267;209.9806;173.8074;170.9768;10420;204.9107;198.0683;207.4658;61;130;266;266
2.53483;205.1891;172.2210;174.0577;2633;206.3124;174.6261;175.1642;4603;200.1630;190.0532;192.9740;8737;199.8354;182.5027;185.6382;8267;209.9806;173.8074;170.9768;10420;204.9107;198.0683;207.4658;61;130;266;266
2.55262;208.0314;175.9988;177.6862;2454;208.8267;178.2719;179.0574;4443;199.2519;189.0068;191.0530;8678;200.2866;183.0403;185.3904;8108;210.2833;174.1890;170.9855;10200;204.9476;198.2573;207.7128;61;128;266;266
2.59692;208.0314;175.9988;177.6862;2454;208.8267;178.2719;179.0574;4443;199.2519;189.0068;191.0530;8678;200.2866;183.0403;185.3904;8108;210.2833;174.1890;170.9855;10200;204.9476;198.2573;207.7128;61;128;266;266
2.61514;205.2422;170.8167;173.1187;2510;205.7459;173.2594;174.2853;4514;203.4884;193.3556;194.5833;8744;203.7080;186.4757;187.7688;8295;203.0912;186.3548;187.7766;16232;204.6358;198.4068;207.6045;62;125;266;266
2.65661;205.2422;170.8167;173.1187;2510;205.7459;173.2594;174.2853;4514;203.4884;193.3556;194.5833;8744;203.7080;186.4757;187.7688;8295;203.0912;186.3548;187.7766;16232;204.6358;198.4068;207.6045;62;125;266;266
2.67633;205.0631;172.6797;174.2204;2613;206.2077;175.2367;175.7388;4575;202.8370;191.5121;193.3910;8706;203.1481;184.8648;186.6886;8237;210.0730;173.6363;170.7426;10286;205.3072;198.6919;207.7908;62;122;266;266
2.73106;204.5450;171.1739;173.3286;2444;205.1390;173.0872;174.2610;4288;201.0163;189.9134;191.6952;8703;203.4472;185.9143;187.5767;8193;208.7106;172.1847;169.4336;10176;204.7320;198.7415;207.9132;62;122;266;266
2.74941;205.7913;173.6359;175.3820;2631;206.1486;174.8762;175.4921;4597;202.9160;191.2463;192.5048;8968;205.6965;187.8162;188.9412;8514;210.0013;174.1609;171.1813;10539;204.7320;198.7415;207.9132;62;118;268;268
2.78924;203.1516;169.2140;171.6607;2514;204.2527;172.0164;173.1529;4329;204.3370;193.2257;194.1958;8854;205.0674;187.1136;188.3128;8293;209.2713;172.8770;169.8724;10120;204.9858;198.4012;207.5810;62;118;268;268
2.80613;204.5363;171.9098;173.9002;2616;205.4307;173.9363;174.5500;4600;205.7051;194.1221;194.8160;8810;206.7858;188.7829;189.5682;8365;210.0330;174.2993;171.0456;10685;204.9858;198.4012;207.5810;62;115;269;269
2.84424;206.0712;173.3968;176.0757;2485;206.4214;175.4949;176.7392;4336;205.8485;194.7824;195.2304;9040;206.9505;189.4758;190.5787;8372;209.5547;173.3267;170.5705;10255;205.1604;198.5370;207.6091;62;115;269;269
2.86229;207.2902;176.3028;178.4191;2553;208.2177;178.2395;178.9100;4455;208.3486;195.9589;195.9311;8668;209.7333;191.6940;192.0878;8340;211.6471;176.0117;172.8017;10283;205.1604;198.5370;207.6091;65;112;267;267
2.90733;202.8849;169.6177;171.5937;2459;204.1428;171.8223;173.2291;4334;211.8999;200.4181;199.9423;8749;211.0982;192.7582;192.6319;8227;210.3688;174.5808;171.1790;10209;204.6005;197.9370;207.0841;65;112;267;267
2.92402;203.8594;171.1579;172.9283;2539;205.0998;173.2634;174.3329;4488;212.9747;200.4308;199.4982;8827;211.8986;193.2708;193.0150;8311;211.3729;176.0858;172.5787;10376;204.6005;197.9370;207.0841;68;110;266;266
2.97142;205.2693;173.2297;175.5377;2425;206.4275;176.3502;177.4444;4318;210.6930;198.2802;197.9455;8804;210.9198;192.6360;192.7467;8239;207.3322;190.0806;190.4654;16075;204.9638;197.4503;206.5452;68;110;266;266
2.98981;207.0912;176.2402;178.0538;2510;207.2109;177.5730;178.3783;4452;212.1445;198.8574;198.0800;8842;212.7660;194.5040;194.1883;8179;208.8299;190.7407;190.6812;15949;204.9638;197.4503;206.5452;71;108;264;264
3.02664;203.7870;170.2044;173.0408;2427;204.4246;172.2321;173.7831;4270;217.4889;178.7075;171.9476;4387;212.7911;193.8614;193.4794;8044;210.9505;175.5527;172.5817;10150;204.6605;196.9084;206.3308;71;108;264;264
3.08328;204.1684;171.7524;174.1929;2411;206.4238;175.0775;176.1912;4143;214.1615;201.0992;199.5460;8520;213.3595;194.1137;193.2398;7927;212.5619;177.3360;173.6322;9668;205.2374;199.4293;208.3000;74;106;261;261
3.12528;204.1684;171.7524;174.1929;2411;206.4238;175.0775;176.1912;4143;214.1615;201.0992;199.5460;8520;213.3595;194.1137;193.2398;7927;212.5619;177.3360;173.6322;9668;205.2374;199.4293;208.3000;74;106;261;261
3.14725;208.2512;177.5736;179.0624;2500;209.0948;179.3892;180.0480;4314;217.8678;179.1375;172.0350;4401;213.8477;178.0810;174.8747;5299;213.3403;178.7335;175.1592;10057;204.9811;198.3301;207.5422;76;104;260;260
3.18846;208.2512;177.5736;179.0624;2500;209.0948;179.3892;180.0480;4314;217.8678;179.1375;172.0350;4401;213.8477;178.0810;174.8747;5299;213.3403;178.7335;175.1592;10057;204.9811;198.3301;207.5422;76;104;260;260
3.21115;207.1038;176.4754;178.2361;2524;207.7799;177.7933;177.9617;4466;221.1820;183.8223;176.5101;4154;215.5341;195.5237;194.3765;8010;213.6930;180.0805;176.3004;10107;205.0319;199.2170;208.1385;78;103;258;258
3.25239;207.1038;176.4754;178.2361;2524;207.7799;177.7933;177.9617;4466;221.1820;183.8223;176.5101;4154;215.5341;195.5237;194.3765;8010;213.6930;180.0805;176.3004;10107;205.0319;199.2170;208.1385;78;103;258;258
3.27160;211.7650;184.8840;184.2489;2587;211.5528;184.9236;183.5917;4631;219.3024;180.8380;173.9395;4216;215.9490;196.2934;194.4891;7996;214.5142;182.0647;177.8291;10360;205.2822;199.3986;208.0781;80;102;257;257
3.32313;209.8821;180.0381;180.9203;2571;209.9358;180.7502;180.5490;4608;220.3538;183.0961;176.5751;4265;215.9090;181.8059;178.8325;5296;215.0802;181.7381;178.1991;10285;204.5919;197.8131;206.9287;80;102;257;257
3.34127;210.0465;180.0162;180.9295;2538;209.9358;180.7502;180.5490;4608;220.8038;183.7785;177.2856;4104;216.1223;182.0383;179.0326;5299;215.1839;181.9036;178.3088;10306;204.5919;197.8131;206.9287;82;102;255;255
3.38717;209.5066;181.5723;181.4986;2511;210.0765;182.6906;181.5542;4547;220.5443;181.4261;175.0895;4088;215.8502;181.2906;178.0226;5221;214.9861;181.7715;177.7398;10150;205.2449;199.6936;208.7764;82;102;255;255
3.40517;209.8540;182.1501;182.0652;2425;210.2477;183.1233;181.9879;4397;220.6122;181.6238;175.3505;4123;215.8941;181.3313;178.1623;5035;215.0642;181.9525;178.0330;9941;205.2449;199.6936;208.7764;84;103;252;252
3.45107;211.9369;185.1039;184.9299;2426;211.5210;184.6388;183.7942;4305;220.8835;181.8288;175.6558;4053;216.2908;195.5328;194.0575;7494;215.5786;182.4963;178.7503;9853;205.2434;199.6951;208.6108;84;103;252;252
3.46812;212.3750;186.0443;185.6478;2416;212.1191;185.5594;184.4497;4401;221.3365;182.3978;176.2413;3982;216.4024;195.3022;193.7555;7492;216.1227;183.4625;179.6619;9765;205.2434;199.6951;208.6108;85;102;251;251
3.50675;210.4010;181.8600;181.3450;2536;209.7820;182.1935;181.1530;4528;222.0849;184.3075;177.8465;3935;216.5363;182.4274;179.2050;5098;215.3706;182.8410;178.9779;9863;204.8026;198.4938;207.6090;85;102;251;251
3.56349;212.9882;186.4642;185.6619;2363;212.6063;186.7503;184.9180;4453;219.8353;180.7190;174.6519;4068;217.5610;183.3150;179.7159;4918;215.4664;182.9973;179.0310;10024;205.4471;199.9724;208.8380;86;102;251;251
3.60140;212.9882;186.4642;185.6619;2363;212.6063;186.7503;184.9180;4453;219.8353;180.7190;174.6519;4068;217.5610;183.3150;179.7159;4918;215.4664;182.9973;179.0310;10024;205.4471;199.9724;208.8380;86;102;251;251
3.62714;209.8493;180.6119;181.1792;2422;209.7366;181.2868;180.7241;4408;221.3103;184.0168;177.7465;4051;216.7065;182.2709;179.1778;5001;215.1218;182.4265;178.8605;10018;204.5862;197.9288;207.1259;87;102;249;249
3.66361;209.8493;180.6119;181.1792;2422;209.7366;181.2868;180.7241;4408;221.3103;184.0168;177.7465;4051;216.7065;182.2709;179.1778;5001;215.1218;182.4265;178.8605;10018;204.5862;197.9288;207.1259;87;102;249;249
3.69089;209.7036;180.9399;181.7169;2331;210.4066;182.7499;182.5493;4267;218.0836;180.0681;174.8600;4187;214.8347;180.0189;177.6712;5124;213.7616;180.8281;177.8459;9976;205.1054;199.1291;208.1246;88;102;248;248
3.72836;209.7036;180.9399;181.7169;2331;210.4066;182.7499;182.5493;4267;218.0836;180.0681;174.8600;4187;214.8347;180.0189;177.6712;5124;213.7616;180.8281;177.8459;9976;205.1054;199.1291;208.1246;88;102;248;248
3.74353;210.8643;182.6330;183.3387;2365;211.0583;184.4655;183.9496;4206;218.7811;182.0219;176.0097;4107;215.8392;182.1989;179.1420;4957;214.5538;182.5866;179.0381;9883;205.1507;198.6632;208.0090;90;102;247;247
3.78047;210.8643;182.6330;183.3387;2365;211.0583;184.4655;183.9496;4206;218.7811;182.0219;176.0097;4107;215.8392;182.1989;179.1420;4957;214.5538;182.5866;179.0381;9883;205.1507;198.6632;208.0090;90;102;247;247
3.80325;209.4872;180.2799;181.3096;2219;208.7880;180.6848;180.3721;4165;221.0433;184.4386;179.2881;4065;216.5292;182.4982;180.3828;4783;215.1290;182.8246;179.7796;9647;205.0225;198.8603;207.8688;90;102;246;246
3.84031;209.4872;180.2799;181.3096;2219;208.7880;180.6848;180.3721;4165;221.0433;184.4386;179.2881;4065;216.5292;182.4982;180.3828;4783;215.1290;182.8246;179.7796;9647;205.0225;198.8603;207.8688;90;102;246;246
3.86707;212.8724;184.6262;185.4526;2108;212.2159;185.2796;184.8755;3992;217.0298;180.7345;175.2814;4328;215.6023;182.1242;179.5628;4870;214.7061;182.7662;179.3456;9785;205.2491;198.6127;207.8014;92;101;246;246
3.93106;206.7510;176.8916;177.8911;2149;207.4278;179.2542;179.2123;3962;221.9500;185.5180;179.2247;3880;215.7598;181.6704;178.8350;4642;215.1295;182.7146;179.0948;9321;204.6895;197.9376;207.0608;92;101;246;246
3.94800;208.1362;179.3247;179.9290;2196;208.5706;181.1174;180.5855;4029;222.5405;186.2298;180.0474;3878;216.5235;182.9555;180.0091;4720;215.6826;183.8716;180.1490;9394;204.6895;197.9376;207.0608;92;99;246;246
3.98583;207.5334;177.3356;179.1459;2083;208.1511;179.7748;180.3198;3793;219.4460;181.2264;175.6520;4011;214.5879;179.1843;176.8728;4676;214.1291;180.5971;177.5932;9243;205.3759;198.5537;207.6125;92;99;246;246
4.00114;208.4280;178.6866;180.3356;2077;209.1918;181.4754;181.7897;3795;220.2587;182.2020;176.6621;3892;214.9251;179.6830;177.4186;4644;214.6133;181.4982;178.5248;9161;205.3759;198.5537;207.6125;94;98;243;243
4.04243;207.2922;176.6835;178.2908;2060;208.6926;180.0933;180.4901;3891;222.6002;185.2224;178.7280;3732;215.7206;193.7756;192.6416;6817;215.5016;182.4326;178.8756;9108;205.5098;199.6047;208.7166;94;98;243;243
4.06183;208.3775;178.6940;179.9056;2098;209.3492;181.1505;181.3157;3846;222.6121;185.3754;179.2835;3668;216.6842;194.7885;193.6238;6804;215.8121;183.0499;179.6054;8982;205.5098;199.6047;208.7166;95;97;240;240
4.10722;204.1187;173.4993;175.2843;2047;206.0647;177.8729;177.9415;3878;221.6678;185.2378;178.8298;3667;214.3390;179.6750;177.1068;4449;214.0561;181.6900;178.2164;8899;205.3986;199.6324;208.5386;95;97;240;240
4.12496;205.5554;175.7810;177.2797;1977;206.2110;178.2947;178.3541;3838;221.9785;185.8452;179.5944;3676;215.0652;180.7537;178.0825;4389;214.2246;181.9750;178.5270;8909;205.3986;199.6324;208.5386;96;96;239;239
4.17119;207.0404;176.8098;179.0720;1930;207.8462;179.9047;180.6798;3601;222.4425;184.8038;178.8043;3593;215.2841;193.1482;191.9199;6666;215.3073;182.1700;179.0343;8553;205.9203;200.6012;209.2190;96;96;239;239
4.18873;207.6837;177.9572;180.0516;1938;208.6900;181.1271;181.6365;3681;222.5359;185.0005;179.1216;3650;215.5690;193.4680;192.2065;6547;215.8594;183.0390;179.9481;8537;205.9203;200.6012;209.2190;97;95;238;238
4.22454;201.0666;167.5855;170.7235;1877;203.5669;173.5332;174.7048;3648;222.1427;187.7673;181.1966;3687;213.1911;178.7078;176.4699;4292;213.7865;181.3907;178.0993;8606;205.0297;198.8204;207.9211;97;95;238;238
4.28309;204.1704;171.6744;175.6612;1901;207.0927;177.3400;178.8936;3582;222.4677;184.6520;178.9876;3626;214.2670;191.0339;190.4624;6486;215.4106;181.5767;178.9587;8407;205.7488;199.8657;208.7108;97;93;238;238
4.31832;204.1704;171.6744;175.6612;1901;207.0927;177.3400;178.8936;3582;222.4677;184.6520;178.9876;3626;214.2670;191.0339;190.4624;6486;215.4106;181.5767;178.9587;8407;205.7488;199.8657;208.7108;97;93;238;238
4.34706;204.2527;170.7778;174.3965;1773;208.1080;178.1588;179.4981;3628;223.6610;187.5271;181.7667;3690;215.6729;179.6942;178.1035;4097;216.3357;183.2851;180.5084;8517;205.2282;199.3918;208.1552;97;92;237;237
4.38378;204.2527;170.7778;174.3965;1773;208.1080;178.1588;179.4981;3628;223.6610;187.5271;181.7667;3690;215.6729;179.6942;178.1035;4097;216.3357;183.2851;180.5084;8517;205.2282;199.3918;208.1552;97;92;237;237
4.41121;204.3549;171.0172;174.9892;1857;209.0762;179.0485;179.8419;3650;223.5363;186.2807;180.3253;3498;214.8112;191.4859;190.8532;6355;216.5974;183.0921;180.1077;8459;204.7508;198.0128;207.0998;96;91;236;236
4.44631;204.3549;171.0172;174.9892;1857;209.0762;179.0485;179.8419;3650;223.5363;186.2807;180.3253;3498;214.8112;191.4859;190.8532;6355;216.5974;183.0921;180.1077;8459;204.7508;198.0128;207.0998;96;91;236;236
4.46305;208.2138;178.4874;180.4622;1787;211.5304;184.8463;184.5339;3714;223.2715;185.7645;180.3165;3507;216.9858;181.8932;179.8605;4093;217.4891;185.2315;181.9810;8593;205.1672;198.1405;207.2148;96;90;236;236
4.52310;205.9443;174.0261;176.6924;1687;209.1905;180.4461;180.7376;3616;224.7911;190.0378;183.9429;3518;217.0623;182.7203;180.3622;3965;217.4062;185.5782;182.3074;8547;204.9614;199.1998;207.9306;96;90;236;236
4.54028;207.1994;175.9307;178.4024;1645;209.0277;180.2126;180.6098;3542;224.6983;189.7437;183.7305;3507;217.5029;195.8070;194.7207;6079;217.4243;185.5299;182.3651;8355;204.9614;199.1998;207.9306;96;90;234;234
4.58738;210.2292;181.3125;183.7679;1715;211.1325;184.4498;184.4078;3524;222.6584;185.8610;180.2868;3633;217.4969;183.0832;181.3791;4025;216.9826;184.9946;181.6906;8459;205.6099;200.2046;208.9245;96;90;234;234
4.60306;210.1981;181.3168;183.7855;1711;211.2513;184.6299;184.5680;3521;222.5348;185.4487;179.8483;3633;217.6746;183.0723;181.3484;3998;216.9793;184.8881;181.5753;8442;205.6099;200.2046;208.9245;95;90;234;234
4.65114;209.0251;180.1137;181.6907;1830;210.4598;182.9833;182.9711;3528;223.8814;189.1609;183.1250;3599;217.5251;184.5821;182.0803;4123;217.4452;186.3422;182.7578;8414;205.5129;199.6584;208.5375;95;90;234;234
4.66674;209.0011;180.1046;181.6814;1836;211.0369;183.9590;183.6733;3581;223.8814;189.1609;183.1250;3599;217.3926;184.5806;182.1187;4177;217.7093;186.8052;183.0508;8589;205.5129;199.6584;208.5375;94;89;236;236
4.70290;208.2795;179.8385;181.1558;1932;210.8220;183.6905;182.7069;3657;224.7797;188.5579;182.3019;3495;215.9766;194.0288;192.9615;6418;217.9949;186.2689;182.2397;8591;205.3312;199.3016;208.0494;94;89;236;236
4.76308;209.0590;184.3427;184.3352;1984;211.3593;186.1531;184.6184;3690;223.6656;187.7144;181.4860;3547;216.7449;185.1391;182.0639;4226;217.5788;186.7424;182.6085;8498;205.5435;199.6516;208.5318;94;90;234;234
4.79915;209.0590;184.3427;184.3352;1984;211.3593;186.1531;184.6184;3690;223.6656;187.7144;181.4860;3547;216.7449;185.1391;182.0639;4226;217.5788;186.7424;182.6085;8498;205.5435;199.6516;208.5318;94;90;234;234
4.82708;208.8571;181.1173;182.0273;1756;209.9800;182.5793;181.5706;3542;223.9989;189.6269;183.7819;3581;217.8837;185.3756;182.5562;4060;217.2778;186.4191;182.6527;8422;205.0789;199.3228;208.2051;94;92;234;234
4.86560;208.8571;181.1173;182.0273;1756;209.9800;182.5793;181.5706;3542;223.9989;189.6269;183.7819;3581;217.8837;185.3756;182.5562;4060;217.2778;186.4191;182.6527;8422;205.0789;199.3228;208.2051;94;92;234;234
4.89115;208.5708;182.9559;182.9456;1948;211.1501;186.0647;184.3839;3725;221.4621;185.3860;179.6845;3692;215.7018;183.2554;180.6050;4342;216.3842;185.5245;181.4764;8683;205.5778;200.2318;208.7698;94;92;234;234
4.92748;208.5708;182.9559;182.9456;1948;211.1501;186.0647;184.3839;3725;221.4621;185.3860;179.6845;3692;215.7018;183.2554;180.6050;4342;216.3842;185.5245;181.4764;8683;205.5778;200.2318;208.7698;94;92;234;234
4.94226;208.7750;180.6293;182.0157;1907;211.0310;183.7495;182.9773;3649;224.0758;188.4114;182.9189;3549;217.3214;184.3667;182.0809;4238;217.7240;186.0588;182.5611;8633;205.2385;199.0969;207.9902;93;92;236;236
4.97807;208.7750;180.6293;182.0157;1907;211.0310;183.7495;182.9773;3649;224.0758;188.4114;182.9189;3549;217.3214;184.3667;182.0809;4238;217.7240;186.0588;182.5611;8633;205.2385;199.0969;207.9902;93;92;236;236
5.00445;207.8640;177.7794;179.8630;1868;209.8405;181.3703;180.9278;3573;219.3732;183.9862;178.3231;3925;214.3123;180.3791;178.2890;4384;215.2523;182.8353;179.2970;8779;205.4987;200.1504;208.8965;93;92;237;237
5.04065;207.8640;177.7794;179.8630;1868;209.8405;181.3703;180.9278;3573;219.3732;183.9862;178.3231;3925;214.3123;180.3791;178.2890;4384;215.2523;182.8353;179.2970;8779;205.4987;200.1504;208.8965;93;92;237;237
5.06839;207.0669;178.3178;180.5933;1957;207.7575;179.9077;180.5223;3682;222.3068;183.1090;177.6178;3634;216.7436;194.8425;194.0486;6541;215.4231;181.9800;179.1946;8429;205.5250;199.4931;208.3448;92;90;238;238
5.13110;199.9900;167.6556;171.4117;1800;201.0095;170.7140;172.8871;3259;222.2153;207.1353;205.0271;7162;216.6735;196.1707;196.0436;6420;211.8721;177.9979;175.6581;7936;204.9268;199.0070;207.9144;92;90;238;238
5.14674;203.5198;172.9496;175.9821;1847;203.8622;174.7734;176.2857;3490;222.6684;207.2176;205.0290;7174;217.3983;196.8398;196.4904;6586;213.2370;180.2018;177.6272;8332;204.9268;199.0070;207.9144;92;86;239;239
5.18360;203.3073;172.2273;174.5370;1676;203.5754;174.9140;175.8317;3012;218.0365;177.6511;172.8672;3563;217.1272;196.5523;196.3250;6431;210.9139;175.7166;173.1902;7770;205.1410;199.0920;207.9938;92;86;239;239
5.20063;204.4658;174.9260;176.9452;1771;205.1576;177.5109;177.9611;3243;219.0006;179.3416;174.4670;3589;212.9564;176.7640;175.1807;4195;212.4506;178.2119;175.6020;8136;205.1410;199.0920;207.9938;94;83;239;239
5.24264;202.2091;167.8035;169.6278;1679;201.2949;170.6983;171.8419;2967;222.9557;208.1850;206.6020;6982;218.0223;197.6328;197.0976;6329;210.2482;174.7951;173.0527;7607;204.7159;198.2806;207.2385;94;83;239;239
5.26127;203.5407;171.4812;172.8466;1916;202.9319;173.8902;174.1690;3332;219.7544;181.2388;177.1432;3505;217.5185;196.9542;196.0179;6554;212.0809;178.0664;175.7840;8056;204.7159;198.2806;207.2385;96;78;240;240
5.30715;204.3511;170.0655;172.2917;1618;204.2958;173.8444;174.9881;2860;222.2566;206.9167;205.2607;6940;217.9218;197.3235;196.8603;6256;216.2481;197.7241;196.9354;12063;204.6731;197.9741;206.8637;96;78;240;240
5.32501;206.5998;173.9682;175.8340;1759;206.4906;177.6918;177.9766;3202;221.5084;205.9309;204.1518;7073;217.2307;196.0682;195.5126;6319;212.6425;177.6196;175.0874;7710;204.6731;197.9741;206.8637;101;74;238;238
5.37113;205.3431;173.0684;175.3306;1609;204.4254;175.6658;176.8493;2753;221.6306;205.8481;204.9512;6993;217.4312;197.1830;197.1557;6197;209.8133;173.5025;172.4379;7315;205.0834;198.6691;207.5903;101;74;238;238
5.38769;205.9555;175.4151;176.8905;1754;205.8779;178.5350;179.0553;3202;217.3381;177.4254;174.1517;3573;217.1033;196.1503;196.0438;6255;211.8801;177.6170;175.9484;7950;205.0834;198.6691;207.5903;107;70;237;237
5.42828;206.6267;172.8566;173.5610;1492;204.8603;173.4167;174.1013;2606;221.2828;206.2321;204.6841;6907;217.1844;197.0328;196.2731;5884;209.1497;172.4464;170.4352;7081;204.5270;198.4093;207.4526;107;70;237;237
5.48306;211.6603;178.7681;180.5143;1466;210.5910;180.3019;181.4567;2726;219.9030;204.1400;203.5311;6566;216.8886;196.8450;196.7955;5756;211.2947;175.0784;173.5021;7306;204.9793;198.2405;207.2347;115;64;236;236
5.52928;211.6603;178.7681;180.5143;1466;210.5910;180.3019;181.4567;2726;219.9030;204.1400;203.5311;6566;216.8886;196.8450;196.7955;5756;211.2947;175.0784;173.5021;7306;204.9793;198.2405;207.2347;115;64;236;236
5.54481;211.1867;175.4650;176.5510;1441;209.3855;176.2863;176.7223;2794;213.7485;175.9088;172.1057;3368;214.7748;195.2486;195.5733;5756;212.0299;176.9246;174.5761;7502;204.7207;197.9145;207.0931;123;58;236;236
5.58729;211.1867;175.4650;176.5510;1441;209.3855;176.2863;176.7223;2794;213.7485;175.9088;172.1057;3368;214.7748;195.2486;195.5733;5756;212.0299;176.9246;174.5761;7502;204.7207;197.9145;207.0931;123;58;236;236
5.61260;213.2511;181.1001;180.9127;1398;211.2429;181.9603;180.7615;2771;214.1782;175.8923;170.8078;3501;208.2979;190.4184;191.3404;5700;213.0760;178.9242;175.3948;7498;211.7910;210.4977;216.7840;130;52;237;237
5.65537;213.2511;181.1001;180.9127;1398;211.2429;181.9603;180.7615;2771;214.1782;175.8923;170.8078;3501;208.2979;190.4184;191.3404;5700;213.0760;178.9242;175.3948;7498;211.7910;210.4977;216.7840;130;52;237;237
5.67433;211.5917;179.8792;179.0304;1614;209.0247;179.3122;178.0991;3078;217.6793;182.4029;176.2640;3564;214.3800;179.3472;175.8306;3813;214.0686;181.7867;177.5421;7809;215.1745;216.1444;222.4777;137;46;238;238
5.72310;212.1951;179.4305;179.6629;1317;209.0801;178.0144;177.6368;2635;213.0226;176.0136;171.2207;3452;201.6569;187.7301;190.2318;5876;211.7992;177.8880;174.7565;7339;214.6815;216.7126;222.7560;137;46;238;238
5.74244;212.8318;181.3167;180.9199;1623;210.8833;181.2626;180.2726;3008;218.4608;185.3935;178.7959;3865;215.5054;182.3618;178.3306;4129;214.9797;183.5832;179.3491;8307;214.6815;216.7126;222.7560;144;41;239;239
5.78686;211.5227;182.8759;182.0550;1563;210.2336;182.5706;181.6536;2881;217.5322;184.6392;178.4227;3792;214.0860;181.9133;178.2099;4002;214.2746;183.8670;179.7389;8104;215.5137;218.0940;223.9256;144;41;239;239
5.80790;212.6615;184.6259;183.6041;1743;211.6585;185.0894;183.7295;3142;218.7411;187.5889;181.1349;3943;216.1686;185.7701;181.5813;4371;215.7811;186.7998;182.3525;8553;215.5137;218.0940;223.9256;150;38;235;235
5.85098;213.4552;181.4592;180.2495;1507;213.4670;184.4554;182.6965;2666;219.4832;189.2070;182.2305;3870;216.8929;185.7033;181.0922;4044;217.1447;187.7560;182.4307;7966;215.0557;217.1475;223.1549;150;38;235;235
5.87128;214.8912;184.6403;182.9881;1682;214.0834;186.0598;184.0778;2878;220.4856;192.0267;184.7466;4160;217.7474;188.0856;183.1620;4394;217.4460;189.2617;183.9353;8442;215.0557;217.1475;223.1549;155;35;233;233
5.90764;215.1103;185.8678;184.9862;1740;214.3648;187.6050;186.4852;3013;219.5310;189.2302;181.8587;3970;217.6748;187.1673;182.3753;4364;216.8845;188.1761;183.2195;8284;215.0841;216.7158;222.9102;155;35;233;233
5.96355;214.0313;183.8641;182.8698;1597;212.8092;184.7188;183.6967;2977;221.8948;194.3935;187.3887;4173;218.6870;189.6920;185.0725;4370;217.8611;190.1549;185.4357;8414;215.0393;217.2290;223.3475;161;32;229;229
6.00588;214.0313;183.8641;182.8698;1597;212.8092;184.7188;183.6967;2977;221.8948;194.3935;187.3887;4173;218.6870;189.6920;185.0725;4370;217.8611;190.1549;185.4357;8414;215.0393;217.2290;223.3475;161;32;229;229
6.02723;216.2780;187.8830;187.4623;1633;214.8043;188.7667;187.6713;3061;219.8776;191.0669;184.2641;4093;217.9767;188.8326;184.4352;4380;217.5415;189.8601;185.4102;8500;215.0918;217.3796;223.5690;166;28;228;228
6.06485;216.2780;187.8830;187.4623;1633;214.8043;188.7667;187.6713;3061;219.8776;191.0669;184.2641;4093;217.9767;188.8326;184.4352;4380;217.5415;189.8601;185.4102;8500;215.0918;217.3796;223.5690;166;28;228;228
6.09300;212.2299;187.3515;185.7013;1818;212.3653;188.5390;186.3992;3154;219.5910;194.2932;187.4645;4267;216.5074;190.9186;186.0971;4706;216.5859;191.7225;186.8201;8742;215.7175;217.4852;223.6441;171;26;227;227
6.13013;212.2299;187.3515;185.7013;1818;212.3653;188.5390;186.3992;3154;219.5910;194.2932;187.4645;4267;216.5074;190.9186;186.0971;4706;216.5859;191.7225;186.8201;8742;215.7175;217.4852;223.6441;171;26;227;227
6.14564;212.8060;187.4356;185.9931;1747;213.3907;189.6464;187.3426;3097;219.2346;194.1378;186.7155;4215;216.1616;190.6105;185.5576;4616;217.0394;192.4891;187.0549;8750;215.7151;217.7395;223.8575;176;24;225;225
6.18358;212.8060;187.4356;185.9931;1747;213.3907;189.6464;187.3426;3097;219.2346;194.1378;186.7155;4215;216.1616;190.6105;185.5576;4616;217.0394;192.4891;187.0549;8750;215.7151;217.7395;223.8575;176;24;225;225
6.20310;217.6494;194.6260;191.6488;1754;217.5652;195.8119;192.2764;3137;219.0925;193.6288;186.2775;4378;218.0941;193.2027;187.4848;4816;218.3672;194.1744;188.3746;8916;217.0057;219.3041;225.0386;180;22;224;224
6.24062;217.6494;194.6260;191.6488;1754;217.5652;195.8119;192.2764;3137;219.0925;193.6288;186.2775;4378;218.0941;193.2027;187.4848;4816;218.3672;194.1744;188.3746;8916;217.0057;219.3041;225.0386;180;22;224;224
6.26688;215.4802;190.4428;188.9995;1843;215.5692;192.1024;189.9164;3301;221.4756;196.9469;189.8067;4598;218.6981;193.4031;188.4951;4979;219.2199;194.8722;189.6614;9332;216.5401;219.2413;225.0252;184;21;223;223
6.33105;216.4536;192.2282;190.3066;1810;215.6722;192.8516;190.4074;3228;219.4131;192.6791;186.0022;4602;217.6440;191.0656;186.3115;4938;217.7455;192.4869;187.4732;9303;215.1525;217.8020;223.9859;184;21;223;223
6.35021;216.3802;192.1928;190.2922;1841;216.2734;193.7188;191.1542;3211;219.3085;193.1417;186.4479;4755;217.6563;191.3736;186.6768;5013;217.9573;192.9948;187.8915;9439;215.1525;217.8020;223.9859;187;21;222;222
6.38787;216.4775;191.0504;189.2982;1824;215.3833;191.8631;189.4759;3295;220.4370;195.7177;188.6664;4581;218.0112;192.2343;187.4622;4926;218.5542;194.3884;189.2054;9371;214.8855;217.1915;223.3799;187;21;222;222
6.40816;216.7385;191.7200;189.8772;1889;215.9494;192.9036;190.3266;3402;220.6689;196.5883;189.6225;4787;218.4447;193.3209;188.4656;5127;218.8419;195.1920;189.9800;9602;214.8855;217.1915;223.3799;190;20;222;222
6.44556;217.0836;191.4732;189.5123;1866;216.4350;192.7567;189.9851;3214;219.7788;194.0585;187.1853;4841;217.9265;191.6102;186.7437;5169;218.6146;193.7137;188.4135;9602;213.7194;216.6093;223.0450;190;20;222;222
6.46179;216.9524;191.2526;189.2579;1892;216.7748;193.1823;190.3296;3286;219.5631;194.3682;187.6535;5033;217.8495;191.7901;186.9403;5275;218.7371;194.1208;188.8248;9794;213.7194;216.6093;223.0450;193;20;222;222
6.50724;219.7702;197.4643;194.5986;1906;219.2336;198.4384;194.6916;3369;218.9801;193.7326;187.1080;4963;218.4199;193.7097;188.6068;5270;218.8332;195.3258;189.8649;9965;213.9300;216.8857;223.4103;193;20;222;222
6.52576;219.7214;197.3271;194.4837;1935;219.1953;198.2508;194.4357;3544;218.8845;194.1270;187.4944;5063;218.3241;193.7347;188.6154;5405;218.8168;195.4644;189.9701;10205;213.9300;216.8857;223.4103;195;20;223;223
6.57107;217.9112;193.3995;191.2362;2015;218.2407;194.8903;191.9647;3602;220.7155;196.3223;189.9193;5153;219.2309;194.3363;189.5540;5570;219.5666;195.5184;190.5241;10379;214.6137;217.5746;224.1681;195;20;223;223
6.59019;217.8272;192.5617;190.5158;2026;218.0968;194.2987;191.5760;3606;220.7266;196.7958;190.3405;5304;219.3500;194.4171;189.6225;5651;219.4530;195.5439;190.5862;10483;214.6137;217.5746;224.1681;198;22;224;224
6.62746;220.1871;197.2324;193.6023;2117;220.0493;198.9458;194.7392;3877;217.5362;192.4565;186.5097;5233;218.3970;193.7966;188.8556;5650;218.0091;194.3499;189.1806;10770;214.0682;217.3298;223.9431;198;22;224;224
6.68297;218.8748;195.3661;191.3156;2221;218.7133;197.1033;192.6088;4144;219.2151;194.8886;188.2940;5384;219.1173;194.8797;189.2747;5796;218.4566;195.1095;189.5598;11138;214.6454;218.0741;224.4186;199;24;226;226
6.72916;218.8748;195.3661;191.3156;2221;218.7133;197.1033;192.6088;4144;219.2151;194.8886;188.2940;5384;219.1173;194.8797;189.2747;5796;218.4566;195.1095;189.5598;11138;214.6454;218.0741;224.4186;199;24;226;226
6.75033;218.6836;193.7217;189.9246;2307;218.9511;195.6454;191.1038;4298;218.4672;193.8068;187.5714;5663;218.4318;193.4629;187.8799;6038;218.2925;193.9326;188.5715;11564;214.5738;217.9664;224.3159;200;26;229;229
6.79453;218.6836;193.7217;189.9246;2307;218.9511;195.6454;191.1038;4298;218.4672;193.8068;187.5714;5663;218.4318;193.4629;187.8799;6038;218.2925;193.9326;188.5715;11564;214.5738;217.9664;224.3159;200;26;229;229
6.81584;221.5680;198.3968;193.5675;2354;221.4502;199.9903;194.5658;4438;216.7757;192.1139;186.1104;5823;218.8004;194.3926;188.7767;6167;218.1637;194.5151;188.8190;11881;215.2994;218.8049;225.0661;202;30;229;229
6.85952;221.5680;198.3968;193.5675;2354;221.4502;199.9903;194.5658;4438;216.7757;192.1139;186.1104;5823;218.8004;194.3926;188.7767;6167;218.1637;194.5151;188.8190;11881;215.2994;218.8049;225.0661;202;30;229;229
6.88213;219.3686;193.7283;189.2632;2363;219.1891;195.3970;190.8115;4589;219.7158;195.5235;189.2873;5629;219.6198;194.7313;189.0082;6226;219.1307;194.8893;189.4515;11822;215.7354;219.5130;225.6501;203;33;231;231
6.93011;220.8281;196.1458;191.2351;2373;220.7202;197.9206;192.5964;4557;217.2605;191.8077;185.4559;5690;218.7199;193.1435;187.2312;6216;218.2789;193.6587;187.8802;11859;216.0862;220.3285;226.3929;203;33;231;231
6.95259;221.1061;195.2879;190.6581;2442;220.9854;197.5076;192.3670;4643;217.6580;192.7365;186.3796;5761;218.7300;192.7995;187.1040;6349;218.0201;193.2990;187.6577;12025;216.0862;220.3285;226.3929;204;35;234;234
6.99613;220.1342;194.4321;189.9717;2474;220.3342;196.0877;191.4063;4605;218.2043;193.6910;187.3801;5722;218.6684;192.9622;187.4620;6370;218.4001;193.7437;188.1978;11941;216.5487;220.1241;226.2660;204;35;234;234
7.01952;220.1614;193.9570;189.6480;2398;220.3456;195.7466;191.1497;4522;218.0770;193.4896;187.1963;5725;218.5086;192.6213;187.2298;6280;218.2216;193.3784;187.8782;11815;216.5487;220.1241;226.2660;205;37;234;234
7.06172;218.9749;191.5825;187.6514;2395;219.0086;193.6591;189.1582;4520;218.2292;193.0578;187.0248;5693;218.3552;191.5299;186.3793;6224;218.0177;192.6435;187.3021;11753;216.4364;220.6035;226.7458;205;37;234;234
7.08355;218.8053;190.6359;187.0813;2337;219.1585;193.5333;189.0727;4485;218.1435;193.1527;187.1216;5699;218.1462;191.3220;186.3535;6292;217.8730;192.4490;187.1323;11681;216.4364;220.6035;226.7458;206;38;235;235
7.12088;220.7048;194.3254;190.8991;2388;220.8501;196.8625;192.6789;4509;217.0589;191.3149;184.9958;5701;218.1471;191.7293;186.4940;6375;218.1273;192.7387;187.3916;11646;216.4876;220.7780;226.6894;206;38;235;235
7.16544;219.8468;190.8777;186.4391;2298;219.7415;193.4132;188.7929;4506;219.5350;195.3154;189.0755;5749;219.5928;193.2025;187.5857;6316;219.1549;193.8856;188.2993;11692;216.0304;219.5619;225.8737;207;37;237;237
7.21044;219.8468;190.8777;186.4391;2298;219.7415;193.4132;188.7929;4506;219.5350;195.3154;189.0755;5749;219.5928;193.2025;187.5857;6316;219.1549;193.8856;188.2993;11692;216.0304;219.5619;225.8737;207;37;237;237
7.23122;221.4075;193.9673;191.4031;2297;221.2495;196.0013;192.6502;4566;217.2515;191.8618;185.7751;5869;218.5005;192.0418;187.2471;6463;218.5932;193.1086;188.1525;11855;215.6298;220.0183;226.1434;207;36;238;238
7.27768;221.4075;193.9673;191.4031;2297;221.2495;196.0013;192.6502;4566;217.2515;191.8618;185.7751;5869;218.5005;192.0418;187.2471;6463;218.5932;193.1086;188.1525;11855;215.6298;220.0183;226.1434;207;36;238;238
7.29852;220.5457;192.4487;189.0089;2351;219.9461;194.0630;189.9157;4603;218.8889;194.2145;187.4853;5889;219.5067;193.3207;187.7512;6669;219.0213;193.6229;187.9549;11996;215.9910;220.2693;226.4241;207;35;239;239
7.34151;220.5457;192.4487;189.0089;2351;219.9461;194.0630;189.9157;4603;218.8889;194.2145;187.4853;5889;219.5067;193.3207;187.7512;6669;219.0213;193.6229;187.9549;11996;215.9910;220.2693;226.4241;207;35;239;239
7.36451;220.0355;190.9430;187.1537;2368;219.9460;193.3542;188.8100;4664;218.7422;193.6402;187.5616;5814;219.0939;192.3529;187.2587;6653;218.7310;192.6657;187.1649;12035;215.2741;219.3699;225.6532;207;34;240;240
7.40728;220.0355;190.9430;187.1537;2368;219.9460;193.3542;188.8100;4664;218.7422;193.6402;187.5616;5814;219.0939;192.3529;187.2587;6653;218.7310;192.6657;187.1649;12035;215.2741;219.3699;225.6532;207;34;240;240
7.43047;221.7978;194.8851;191.1540;2428;222.2615;197.2464;192.8787;4577;217.6903;192.1505;186.2761;5861;219.0703;192.7896;187.7084;6810;219.0437;193.3137;188.0898;11986;215.3235;219.1581;225.5798;207;34;240;240
7.47419;221.7978;194.8851;191.1540;2428;222.2615;197.2464;192.8787;4577;217.6903;192.1505;186.2761;5861;219.0703;192.7896;187.7084;6810;219.0437;193.3137;188.0898;11986;215.3235;219.1581;225.5798;207;34;240;240
7.49672;219.9272;190.4124;186.4191;2403;220.0400;193.0357;188.5580;4645;220.0570;195.4730;189.5382;5812;219.9480;193.4401;188.2901;6766;219.5388;193.7128;188.3548;12029;215.2647;219.1102;225.4267;206;34;240;240
7.54147;220.6996;193.6158;190.4364;2397;221.3431;196.4270;192.6087;4623;217.3781;191.8302;186.1736;5853;218.5634;192.3923;187.7370;6763;218.4871;192.9017;187.9415;12080;215.1000;219.5647;226.0961;206;34;240;240
7.56246;220.6996;193.6158;190.4364;2397;221.3431;196.4270;192.6087;4623;217.3781;191.8302;186.1736;5853;218.5634;192.3923;187.7370;6763;218.4871;192.9017;187.9415;12080;215.1000;219.5647;226.0961;206;34;240;240
7.60445;221.3073;192.5488;189.7405;2385;221.0781;194.4230;190.9286;4610;219.1318;194.3552;188.5349;5896;219.7131;193.3526;188.6084;6787;219.3946;193.4455;188.6340;12122;215.4337;219.2361;225.6170;206;34;240;240
7.62773;221.3073;192.5488;189.7405;2385;221.0781;194.4230;190.9286;4610;219.1318;194.3552;188.5349;5896;219.7131;193.3526;188.6084;6787;219.3946;193.4455;188.6340;12122;215.4337;219.2361;225.6170;206;34;240;240
7.67016;220.1337;190.5136;187.0508;2461;220.3097;193.0015;188.9056;4662;218.6465;193.6559;187.5007;5926;218.9149;192.0331;187.0035;6888;218.7030;192.4421;187.0692;12260;214.9903;219.6062;225.9277;206;34;240;240
7.69128;220.1337;190.5136;187.0508;2461;220.3097;193.0015;188.9056;4662;218.6465;193.6559;187.5007;5926;218.9149;192.0331;187.0035;6888;218.7030;192.4421;187.0692;12260;214.9903;219.6062;225.9277;206;34;240;240
7.73001;222.2814;195.8016;191.6462;2445;222.1997;197.4311;192.8569;4697;217.7988;192.2982;186.3974;5886;219.1166;192.9979;187.8356;6808;219.0662;193.4335;188.1484;12166;215.4927;220.2772;226.4864;206;34;240;240
7.75205;222.2814;195.8016;191.6462;2445;222.1997;197.4311;192.8569;4697;217.7988;192.2982;186.3974;5886;219.1166;192.9979;187.8356;6808;219.0662;193.4335;188.1484;12166;215.4927;220.2772;226.4864;206;34;240;240
7.79187;221.7810;191.6929;187.3379;2397;221.5616;194.0815;189.5928;4676;220.2068;195.4474;189.4328;5845;220.5675;193.6877;188.3451;6712;220.1130;193.8904;188.5051;12148;215.4918;219.9321;226.3448;206;34;240;240
7.81432;221.5992;191.2146;187.0467;2400;221.2994;193.7914;189.3434;4630;220.1511;195.2557;189.1970;5996;220.4817;193.5339;188.2440;6689;220.0883;193.8321;188.4227;12114;215.4918;219.9321;226.3448;205;34;241;241
7.85337;221.9996;194.4732;189.5746;2445;222.3714;197.0156;191.7698;4618;217.4848;192.1487;185.8591;6134;218.9908;192.5994;186.9290;6775;218.9685;193.1680;187.3651;12337;215.0247;219.0233;225.2728;205;34;241;241
7.88564;221.7468;192.9087;189.3569;2421;221.3591;195.2168;190.7540;4692;219.5138;194.5177;188.2204;5998;220.2770;193.6082;188.3240;6638;219.6742;193.8322;188.3689;12347;215.5626;219.6570;225.8803;205;34;242;242
7.92468;221.7468;192.9087;189.3569;2421;221.3591;195.2168;190.7540;4692;219.5138;194.5177;188.2204;5998;220.2770;193.6082;188.3240;6638;219.6742;193.8322;188.3689;12347;215.5626;219.6570;225.8803;205;34;242;242
7.94961;221.6485;192.0008;187.5419;2458;221.6852;195.0791;190.0268;4667;218.3788;192.9576;187.0809;6066;219.6437;192.3991;187.0739;6753;219.1727;193.0282;187.5282;12407;215.4195;219.8896;226.2218;205;34;242;242
7.98877;221.6485;192.0008;187.5419;2458;221.6852;195.0791;190.0268;4667;218.3788;192.9576;187.0809;6066;219.6437;192.3991;187.0739;6753;219.1727;193.0282;187.5282;12407;215.4195;219.8896;226.2218;205;34;242;242
8.01351;223.2208;196.1440;191.5334;2486;223.1415;198.2295;193.1334;4784;218.0667;192.3690;186.1630;6116;219.8196;193.1767;187.6821;6825;219.3695;193.5780;187.9779;12512;215.7033;220.1037;226.2391;205;34;242;242
8.05553;223.2208;196.1440;191.5334;2486;223.1415;198.2295;193.1334;4784;218.0667;192.3690;186.1630;6116;219.8196;193.1767;187.6821;6825;219.3695;193.5780;187.9779;12512;215.7033;220.1037;226.2391;205;34;242;242
8.07866;221.4768;191.9272;187.9480;2460;221.5623;194.8605;190.1083;4846;219.8767;195.1306;188.8046;6009;220.4680;193.7780;188.4890;6788;219.8999;193.9638;188.3595;12513;215.4034;219.2323;225.6069;206;34;242;242
8.12578;222.6706;195.1358;190.6326;2474;223.4008;198.3229;193.4477;4775;217.4348;191.0732;185.5908;6063;219.3932;192.4950;187.2858;6834;219.0711;192.8705;187.7224;12441;215.5443;220.1455;226.3458;206;34;242;242
8.14767;222.6706;195.1358;190.6326;2474;223.4008;198.3229;193.4477;4775;217.4348;191.0732;185.5908;6063;219.3932;192.4950;187.2858;6834;219.0711;192.8705;187.7224;12441;215.5443;220.1455;226.3458;206;34;242;242
8.18945;221.6712;191.8144;188.5669;2570;221.8821;194.7075;190.2384;4878;219.6136;193.7307;188.1912;6015;220.5942;193.0895;188.5571;6918;219.7496;193.1046;188.0512;12528;216.2686;220.4706;226.6166;206;34;242;242
8.21282;221.6068;191.7876;188.5802;2556;221.8136;194.7275;190.2501;4910;219.7150;193.8114;188.2383;6050;220.5660;192.9413;188.3973;6866;219.8055;193.1528;188.0815;12582;216.2686;220.4706;226.6166;205;34;242;242
8.25367;221.9662;191.5921;187.1797;2454;222.0587;194.7234;189.7836;4773;218.0505;192.2054;186.4576;6038;219.4419;191.8310;186.4966;6823;219.0336;192.3204;187.0642;12485;215.7110;220.0527;226.0956;205;34;242;242
8.27495;221.9662;191.5921;187.1797;2454;222.0658;194.7249;189.7811;4769;218.3284;192.5643;186.7625;6142;219.4419;191.8310;186.4966;6823;219.2622;192.5271;187.2205;12433;215.7110;220.0527;226.0956;205;34;241;241
8.31281;223.5552;196.2098;191.9849;2455;223.5430;198.2318;193.4498;4729;217.9154;191.6827;184.9840;5992;220.2527;193.2001;187.3233;6688;219.7149;193.5707;187.7747;12125;215.8542;219.8406;226.1480;205;34;241;241
8.36584;221.8201;191.2295;187.0699;2462;221.5904;193.2750;188.4327;4768;219.8805;194.8782;188.8075;5952;220.6381;193.4618;188.2287;6852;220.0591;193.3766;187.8616;12274;215.7886;220.0826;226.2574;206;35;240;240
8.40529;221.8201;191.2295;187.0699;2462;221.5904;193.2750;188.4327;4768;219.8805;194.8782;188.8075;5952;220.6381;193.4618;188.2287;6852;220.0591;193.3766;187.8616;12274;215.7886;220.0826;226.2574;206;35;240;240
8.42936;223.6237;195.1456;191.1608;2376;223.8952;197.8807;193.3825;4617;217.4687;191.2691;185.9586;5916;219.6277;192.5585;187.8078;6784;219.3752;192.8152;187.7904;12133;215.2428;219.2077;225.4791;206;35;240;240
8.46996;223.6237;195.1456;191.1608;2376;223.8952;197.8807;193.3825;4617;217.4687;191.2691;185.9586;5916;219.6277;192.5585;187.8078;6784;219.3752;192.8152;187.7904;12133;215.2428;219.2077;225.4791;206;35;240;240
8.49377;222.1418;192.3645;188.6145;2376;221.3044;193.6944;189.3590;4682;220.0604;194.2875;188.2221;5875;220.7701;193.2491;188.1627;6707;219.9342;193.1469;187.8630;12246;215.7705;219.8601;226.1528;206;35;239;239
8.53535;222.1418;192.3645;188.6145;2376;221.3044;193.6944;189.3590;4682;220.0604;194.2875;188.2221;5875;220.7701;193.2491;188.1627;6707;219.9342;193.1469;187.8630;12246;215.7705;219.8601;226.1528;206;35;239;239
8.55794;221.9602;192.0004;188.1815;2364;221.4988;193.8465;189.3724;4651;218.4001;192.5395;186.4942;5933;219.6452;192.0815;186.8443;6810;219.0078;192.1346;186.8021;12159;215.2366;219.6045;225.9235;206;35;240;240
8.59904;221.9602;192.0004;188.1815;2364;221.4988;193.8465;189.3724;4651;218.4001;192.5395;186.4942;5933;219.6452;192.0815;186.8443;6810;219.0078;192.1346;186.8021;12159;215.2366;219.6045;225.9235;206;35;240;240
8.62236;222.5991;194.7329;190.5913;2437;221.9695;195.7808;191.3502;4686;218.0735;192.3605;186.3293;5928;219.6072;192.8454;187.5985;6800;219.1296;192.8265;187.5045;12220;215.6317;219.8374;226.0970;206;35;240;240
8.66444;222.5991;194.7329;190.5913;2437;221.9695;195.7808;191.3502;4686;218.0735;192.3605;186.3293;5928;219.6072;192.8454;187.5985;6800;219.1296;192.8265;187.5045;12220;215.6317;219.8374;226.0970;206;35;240;240
8.68511;221.7259;190.8417;188.4695;2375;221.2396;193.4666;189.9799;4629;220.0754;195.1749;188.9893;6049;220.5097;193.3991;188.6051;6692;220.0844;193.6850;188.6599;12154;215.2450;218.9217;225.4635;205;34;241;241
8.73383;223.0355;194.3171;190.8955;2422;222.9948;197.2568;192.9250;4653;218.1661;192.0082;185.8864;6117;219.8814;192.6578;187.5595;6736;219.7326;193.3638;188.0031;12197;215.4306;219.2593;225.5871;205;34;241;241
8.75476;223.0355;194.3171;190.8955;2422;222.9948;197.2568;192.9250;4653;218.1661;192.0082;185.8864;6117;219.8814;192.6578;187.5595;6736;219.7326;193.3638;188.0031;12197;215.4306;219.2593;225.5871;205;34;241;241
8.79168;221.6433;191.7952;188.3287;2422;221.5678;194.5380;189.8678;4628;219.9713;194.9549;188.7916;5961;220.5129;193.7441;188.5418;6658;220.1676;193.9774;188.4533;12061;215.7841;220.1180;226.2100;205;34;241;241
8.81298;221.6433;191.7952;188.3287;2422;221.5678;194.5380;189.8678;4628;219.9713;194.9549;188.7916;5961;220.5129;193.7441;188.5418;6658;220.1676;193.9774;188.4533;12061;215.7841;220.1180;226.2100;205;34;241;241
8.85252;221.5366;191.9669;188.1974;2417;221.8978;195.0939;190.4263;4696;218.0648;192.3436;186.4856;6159;219.3373;192.0965;187.0209;6780;219.2105;192.6365;187.3656;12310;215.4750;219.6453;225.7784;205;34;241;241
8.87504;221.5366;191.9669;188.1974;2417;221.8978;195.0939;190.4263;4696;218.0648;192.3436;186.4856;6159;219.3373;192.0965;187.0209;6780;219.2105;192.6365;187.3656;12310;215.4750;219.6453;225.7784;205;34;241;241
8.91236;223.9697;195.2248;191.7981;2442;223.7079;197.3575;193.1564;4680;218.3526;192.4818;186.5367;5948;220.3747;193.2802;188.3612;6730;220.0183;193.5674;188.3782;12218;216.0507;220.2620;226.3923;205;34;241;241
8.93255;224.0747;195.6801;192.1391;2451;223.7079;197.3575;193.1564;4680;218.5096;192.7152;186.7378;5836;220.4715;193.4763;188.4887;6761;220.0183;193.5674;188.3782;12218;216.0507;220.2620;226.3923;205;34;240;240
8.97348;221.8857;191.8709;187.7811;2494;221.7417;193.9581;189.5345;4769;220.0493;195.0835;188.8639;5942;220.5748;193.5780;188.2274;6870;220.1120;193.5817;188.2733;12401;215.6843;219.9663;226.1464;205;34;240;240
8.99627;221.8857;191.8709;187.7811;2494;221.7417;193.9581;189.5345;4769;220.0493;195.0835;188.8639;5942;220.5748;193.5780;188.2274;6870;220.1120;193.5817;188.2733;12401;215.6843;219.9663;226.1464;205;34;240;240
9.03572;223.0116;195.8364;191.9102;2494;223.1904;198.0469;193.4125;4732;217.9553;191.7916;185.8837;5906;219.9159;193.0025;188.0788;6900;219.5062;193.3652;187.9644;12295;215.7470;220.0742;226.2523;205;34;240;240
9.08615;222.8078;192.9729;187.5815;2435;222.5949;195.0186;189.7023;4690;220.1552;194.9717;188.4610;5965;221.0261;193.9384;187.7671;6789;220.4749;193.9142;187.9846;12284;215.9007;219.9895;226.0630;205;34;240;240
9.12930;222.8078;192.9729;187.5815;2435;222.5949;195.0186;189.7023;4690;220.1552;194.9717;188.4610;5965;221.0261;193.9384;187.7671;6789;220.4749;193.9142;187.9846;12284;215.9007;219.9895;226.0630;205;34;240;240
9.15075;222.5105;192.7364;188.3054;2466;222.5301;195.4261;190.4495;4752;218.7373;192.6373;186.4316;5934;219.8582;192.1369;186.6283;6876;219.5267;192.6441;187.0831;12310;215.4333;219.5309;225.7342;205;34;240;240
9.18980;222.5105;192.7364;188.3054;2466;222.5301;195.4261;190.4495;4752;218.7373;192.6373;186.4316;5934;219.8582;192.1369;186.6283;6876;219.5267;192.6441;187.0831;12310;215.4333;219.5309;225.7342;205;34;240;240
9.21347;223.6206;195.9947;192.0191;2459;223.5031;198.0143;193.3389;4739;218.8171;193.2505;186.9847;5964;220.5870;193.8862;188.5378;6835;220.1211;194.1882;188.5701;12311;215.7444;219.4737;225.7420;206;34;240;240
9.25322;223.6206;195.9947;192.0191;2459;223.5031;198.0143;193.3389;4739;218.8171;193.2505;186.9847;5964;220.5870;193.8862;188.5378;6835;220.1211;194.1882;188.5701;12311;215.7444;219.4737;225.7420;206;34;240;240
9.27395;222.8214;192.1139;188.0647;2397;222.1865;193.9377;189.1466;4686;220.2438;195.0527;188.9110;6037;221.0468;193.6164;188.3124;6751;220.5558;193.9090;188.2612;12168;215.2198;218.7697;225.0666;206;35;238;238
9.32551;223.7124;196.5206;192.1452;2451;223.6074;198.1032;193.3066;4700;218.5551;192.0989;186.4729;6185;220.3784;193.4554;188.4368;6840;219.9374;193.5775;188.3119;12339;215.1774;219.2475;225.5174;206;35;238;238
9.34697;223.4272;195.7754;191.5892;2444;223.2762;197.3661;192.7266;4674;218.1982;191.5512;185.9616;6094;220.0786;192.8518;187.9414;6770;219.8007;193.2495;188.0405;12262;215.1774;219.2475;225.5174;206;36;238;238
9.38960;222.9630;193.4458;189.4331;2353;222.3484;195.1789;190.3459;4550;220.4836;195.2911;188.6952;6090;221.2134;194.2953;188.7035;6719;220.7849;194.4615;188.6405;12116;215.6480;220.1300;226.2456;206;36;238;238
9.41149;222.9630;193.4458;189.4331;2353;222.3484;195.1789;190.3459;4550;220.4836;195.2911;188.6952;6090;221.2134;194.2953;188.7035;6719;220.7849;194.4615;188.6405;12116;215.6480;220.1300;226.2456;206;36;238;238
9.45348;222.8226;193.3280;190.0112;2418;222.7675;195.5073;191.6285;4670;218.7305;192.3567;186.4201;6129;220.0378;192.2745;187.3520;6804;219.8480;192.8295;187.7275;12229;214.9945;219.2222;225.4412;206;36;238;238
9.47648;222.6516;193.1696;189.8906;2405;222.6878;195.5181;191.6319;4692;218.9641;192.6800;186.7093;6078;219.9950;192.2435;187.2949;6859;219.6963;192.6382;187.5383;12375;214.9945;219.2222;225.4412;205;36;239;239
9.51489;223.3776;195.9373;191.6611;2455;222.9501;197.3899;192.7244;4688;218.9530;193.2279;186.7277;6081;220.3090;193.6424;188.0714;6863;219.9482;193.8705;188.1495;12321;215.2683;219.3733;225.5516;205;36;239;239
9.56574;221.9892;191.7622;187.2410;2494;222.3856;194.2986;189.2394;4696;219.9997;194.6000;188.2058;5908;220.7730;193.4350;187.7240;6819;220.4995;193.6284;187.9311;12169;214.9535;219.0754;225.5249;204;36;240;240
9.60874;221.9892;191.7622;187.2410;2494;222.3856;194.2986;189.2394;4696;219.9997;194.6000;188.2058;5908;220.7730;193.4350;187.7240;6819;220.4995;193.6284;187.9311;12169;214.9535;219.0754;225.5249;204;36;240;240
9.62938;223.7922;196.2503;192.0706;2421;223.5531;197.8649;193.1574;4701;217.9796;191.3028;185.8592;5945;220.0478;192.6928;187.7924;6773;219.5321;192.9527;187.6963;12251;215.2327;219.3421;225.6404;204;37;240;240
9.67855;223.7922;196.2503;192.0706;2421;223.5531;197.8649;193.1574;4701;217.9796;191.3028;185.8592;5945;220.0478;192.6928;187.7924;6773;219.5321;192.9527;187.6963;12251;215.2327;219.3421;225.6404;204;37;240;240
9.69671;222.5111;191.9132;187.8782;2397;222.2491;194.3099;190.0349;4669;220.3759;194.6508;189.2220;5900;220.9245;193.1987;188.4412;6740;220.4752;193.5473;188.5799;12196;215.1531;218.9831;225.3550;204;37;240;240
9.74171;222.5111;191.9132;187.8782;2397;222.2491;194.3099;190.0349;4669;220.3759;194.6508;189.2220;5900;220.9245;193.1987;188.4412;6740;220.4752;193.5473;188.5799;12196;215.1531;218.9831;225.3550;204;37;240;240
9.76403;222.5604;193.0715;189.6161;2391;222.9411;195.7909;191.1615;4620;218.0479;191.9349;185.9049;5929;219.3982;191.8043;186.6614;6761;219.3472;192.4194;187.0283;12144;214.8110;218.8676;225.3537;204;37;240;240
9.80552;222.5604;193.0715;189.6161;2391;222.9411;195.7909;191.1615;4620;218.0479;191.9349;185.9049;5929;219.3982;191.8043;186.6614;6761;219.3472;192.4194;187.0283;12144;214.8110;218.8676;225.3537;204;37;240;240
9.82836;223.8304;195.6758;191.2408;2400;223.4904;197.2846;192.4738;4631;218.6992;192.5882;187.1529;5947;220.3945;193.2197;188.2615;6742;219.8023;193.3231;188.0948;12256;215.7393;219.9417;226.1829;204;37;240;240
9.86917;223.8304;195.6758;191.2408;2400;223.4904;197.2846;192.4738;4631;218.6992;192.5882;187.1529;5947;220.3945;193.2197;188.2615;6742;219.8023;193.3231;188.0948;12256;215.7393;219.9417;226.1829;204;37;240;240
9.89075;222.1900;191.5075;188.3621;2469;221.6366;193.3248;189.2949;4714;219.8320;194.3453;188.1981;5775;220.5828;192.9519;188.0475;6754;220.0133;193.0084;187.7961;12174;215.1694;219.6064;225.9294;204;37;240;240
9.93390;224.4981;196.5344;192.4425;2425;224.1690;198.5127;193.9746;4650;218.2437;191.7365;186.4717;5889;220.1913;192.8934;188.1298;6748;220.0050;193.4076;188.5691;12113;215.2142;218.8974;225.2583;204;37;240;240
9.95490;224.4981;196.5344;192.4425;2425;224.1690;198.5127;193.9746;4650;218.2437;191.7365;186.4717;5889;220.1913;192.8934;188.1298;6748;220.0050;193.4076;188.5691;12113;215.2142;218.8974;225.2583;204;37;240;240
9.98959;222.3667;191.8732;187.9211;2460;222.1313;194.2879;189.7039;4661;220.3264;195.1864;189.1563;5874;220.8922;193.4680;188.2500;6772;220.4144;193.8584;188.4796;12133;215.6555;219.9753;226.2706;204;37;240;240
10.00962;222.3667;191.8732;187.9211;2460;222.1313;194.2879;189.7039;4661;220.3264;195.1864;189.1563;5874;220.8922;193.4680;188.2500;6772;220.4144;193.8584;188.4796;12133;215.6555;219.9753;226.2706;204;37;240;240
10.04564;222.8153;193.1376;189.6002;2464;222.8185;195.5952;191.2677;4706;217.7849;191.7156;185.9645;5945;219.4839;191.7354;186.8753;6822;219.2903;192.5119;187.3506;12275;214.8723;218.3634;224.8682;204;37;240;240
10.06696;222.5755;192.4302;189.0824;2450;222.3574;194.6431;190.4942;4701;217.6619;191.5645;185.8528;5910;219.2679;191.3108;186.5486;6786;219.0001;191.9122;186.8443;12168;214.8723;218.3634;224.8682;204;38;240;240
10.10972;223.1728;194.6901;190.1431;2459;222.9302;196.6228;191.5316;4727;218.5406;192.0209;186.6026;5797;220.1974;192.5619;187.4944;6734;219.8426;193.2433;188.0392;12079;215.3585;218.4430;225.0566;204;38;240;240
10.12990;223.1896;194.9979;190.4142;2431;222.5192;196.0828;191.1542;4651;218.6542;192.1728;186.7145;5874;220.2281;192.5623;187.4632;6760;219.6772;193.0062;187.8589;12031;215.3585;218.4430;225.0566;204;38;239;239
10.17366;222.3635;191.6868;188.4951;2446;221.8827;193.5850;189.4148;4585;219.5192;193.5004;187.6449;5911;220.4825;192.4526;187.5559;6787;219.8747;192.5337;187.4583;12004;214.8538;218.2043;224.8588;204;38;239;239
10.19619;222.3635;191.6868;188.4951;2446;221.8827;193.5850;189.4148;4585;219.5192;193.5004;187.6449;5911;220.4825;192.4526;187.5559;6787;219.8747;192.5337;187.4583;12004;214.8538;218.2043;224.8588;204;38;239;239
10.23669;223.5835;196.0781;191.8976;2432;222.7783;197.1229;192.4524;4737;217.8627;191.4900;185.2847;5886;219.7349;192.5540;187.0899;6719;219.2308;192.6524;187.1435;12185;215.4530;219.4232;225.5328;204;38;239;239
10.28552;222.3589;191.3159;188.5556;2491;221.8100;193.4961;189.8140;4763;220.5392;194.5427;188.8697;5848;221.0708;192.9443;188.3879;6751;220.3593;193.0198;188.1959;12245;215.4078;219.1907;225.7020;204;38;240;240
10.32622;222.3589;191.3159;188.5556;2491;221.8100;193.4961;189.8140;4763;220.5392;194.5427;188.8697;5848;221.0708;192.9443;188.3879;6751;220.3593;193.0198;188.1959;12245;215.4078;219.1907;225.7020;204;38;240;240
10.34912;222.6041;193.4592;189.2746;2465;222.8393;196.6094;191.3983;4705;217.5706;191.2890;185.2600;5889;219.4504;192.0261;186.6431;6672;219.0654;192.2799;186.7460;12197;215.1857;219.4547;225.8176;204;38;242;242
10.38858;222.6041;193.4592;189.2746;2465;222.8393;196.6094;191.3983;4705;217.5706;191.2890;185.2600;5889;219.4504;192.0261;186.6431;6672;219.0654;192.2799;186.7460;12197;215.1857;219.4547;225.8176;204;38;242;242
10.41344;223.5123;195.3066;190.8169;2397;223.1535;197.4368;192.3915;4730;217.8500;191.9405;186.0600;5952;219.9402;192.9487;187.7546;6690;219.3547;193.1084;187.4841;12281;215.6010;219.4460;225.7988;204;38;242;242
10.45304;223.5123;195.3066;190.8169;2397;223.1535;197.4368;192.3915;4730;217.8500;191.9405;186.0600;5952;219.9402;192.9487;187.7546;6690;219.3547;193.1084;187.4841;12281;215.6010;219.4460;225.7988;204;38;242;242
10.47467;222.1680;191.5210;187.9257;2518;222.0706;194.1394;189.6718;4762;219.0602;192.7324;186.9234;5980;220.3910;192.1046;187.1825;6768;219.5354;192.2197;187.0256;12328;215.3157;219.5630;225.8767;204;38;242;242
10.52544;223.8217;195.2914;191.2329;2529;223.9207;198.4660;193.4209;4764;217.4597;190.3918;185.4304;5978;219.7523;191.8769;187.4215;6806;219.3726;192.5637;187.5713;12371;215.1041;218.4856;224.9310;204;38;242;242
10.54515;223.6433;194.7143;190.8148;2506;223.7080;197.9544;193.0713;4715;217.3292;190.2313;185.2794;5935;219.6208;191.5729;187.1936;6766;219.2437;192.2966;187.3833;12252;215.1041;218.4856;224.9310;204;39;242;242
10.58960;221.1234;189.6972;186.1492;2553;221.4052;192.8649;188.5621;4805;219.5319;193.3826;187.9861;5823;220.3280;192.0079;187.4161;6808;219.7161;192.2485;187.3695;12196;215.2794;219.1130;225.5875;204;39;242;242
10.61061;221.1234;189.6972;186.1492;2553;221.4052;192.8649;188.5621;4805;219.5319;193.3826;187.9861;5823;220.3280;192.0079;187.4161;6808;219.7161;192.2485;187.3695;12196;215.2794;219.1130;225.5875;204;39;242;242
10.65348;222.5037;193.3051;188.4420;2432;222.8058;196.3214;190.9228;4692;217.3699;190.2578;184.9934;5907;219.1908;191.1347;186.0357;6726;219.0120;191.7389;186.4872;12132;214.9952;219.2366;225.5338;204;39;242;242
10.67632;222.5037;193.3051;188.4420;2432;222.8058;196.3214;190.9228;4692;217.3699;190.2578;184.9934;5907;219.1908;191.1347;186.0357;6726;219.0120;191.7389;186.4872;12132;214.9952;219.2366;225.5338;204;39;242;242
10.71307;222.9425;193.3595;189.7065;2470;222.8876;196.0751;191.4124;4740;217.7918;191.6308;186.2503;5932;219.8017;192.1165;187.5281;6772;219.3488;192.6010;187.4711;12247;215.5746;219.9442;226.1298;204;39;242;242
10.76586;221.5071;189.9026;187.0795;2465;221.6802;192.9427;189.1696;4694;218.4807;192.1695;186.8023;5818;219.4192;191.0952;186.7149;6734;219.1825;191.5517;186.8248;12096;214.9308;218.7404;225.2205;204;40;242;242
10.80993;221.5071;189.9026;187.0795;2465;221.6802;192.9427;189.1696;4694;218.4807;192.1695;186.8023;5818;219.4192;191.0952;186.7149;6734;219.1825;191.5517;186.8248;12096;214.9308;218.7404;225.2205;204;40;242;242
10.83225;223.5132;194.8211;191.0850;2471;223.3071;197.4426;192.7837;4702;217.2832;189.9893;184.3972;5901;219.7823;191.7707;186.7999;6726;219.0766;192.0157;186.8964;12173;215.1707;218.7585;225.1442;203;40;242;242
10.87391;223.5132;194.8211;191.0850;2471;223.3071;197.4426;192.7837;4702;217.2832;189.9893;184.3972;5901;219.7823;191.7707;186.7999;6726;219.0766;192.0157;186.8964;12173;215.1707;218.7585;225.1442;203;40;242;242
10.89508;221.3877;189.1157;186.1157;2497;221.2614;191.5646;188.1406;4828;218.9705;193.3430;187.3735;5737;219.5909;191.2175;186.4304;6727;219.3840;191.6804;186.7805;12056;215.2332;218.7464;225.2865;202;40;243;243
10.93529;221.3877;189.1157;186.1157;2497;221.2614;191.5646;188.1406;4828;218.9705;193.3430;187.3735;5737;219.5909;191.2175;186.4304;6727;219.3840;191.6804;186.7805;12056;215.2332;218.7464;225.2865;202;40;243;243
10.95761;223.2384;192.1573;188.9111;2429;222.6339;194.4922;190.7389;4783;216.8213;189.8228;183.8142;5796;219.0077;190.3865;185.4467;6774;218.5995;190.7722;185.7397;12166;214.5637;218.7256;225.0506;202;40;244;244
10.99709;223.2384;192.1573;188.9111;2429;222.6339;194.4922;190.7389;4783;216.8213;189.8228;183.8142;5796;219.0077;190.3865;185.4467;6774;218.5995;190.7722;185.7397;12166;214.5637;218.7256;225.0506;202;40;244;244
11.01663;222.6384;192.0736;188.3728;2500;221.9426;193.7185;189.7157;4910;217.7785;191.2450;185.6172;5783;219.5673;191.3584;186.5254;6852;219.0321;191.3493;186.5289;12301;214.9288;218.5669;225.0767;202;40;244;244
11.05745;222.6384;192.0736;188.3728;2500;221.9426;193.7185;189.7157;4910;217.7785;191.2450;185.6172;5783;219.5673;191.3584;186.5254;6852;219.0321;191.3493;186.5289;12301;214.9288;218.5669;225.0767;202;40;244;244
11.07889;221.6923;190.1907;185.5895;2470;221.1822;192.4996;187.4038;4856;218.3393;192.0113;186.2781;5771;219.5367;191.1239;185.9245;6804;218.8761;191.1940;185.8660;12220;214.7295;219.0338;225.4669;202;40;244;244
11.13391;222.3613;194.0496;190.5730;2560;222.0280;196.0214;192.0633;4898;216.9406;189.9919;184.0680;5808;218.8178;191.2291;186.2817;6911;218.5359;191.4876;186.5382;12329;215.1141;218.9475;225.3414;202;40;244;244
11.15484;222.3613;194.0496;190.5730;2560;222.0280;196.0214;192.0633;4898;216.9232;190.1077;184.2716;5887;218.6647;191.0317;186.0920;6884;218.4063;191.3915;186.4636;12360;215.1141;218.9475;225.3414;202;40;245;245
11.19249;221.6209;189.9491;186.7044;2493;220.9805;191.8764;187.8328;4862;219.2158;193.0524;187.3069;5835;220.0552;191.7363;186.8551;6861;219.3723;191.7501;186.7768;12286;214.8790;218.4397;224.9304;202;40;245;245
11.21449;221.6209;189.9491;186.7044;2493;220.9805;191.8764;187.8328;4862;219.2158;193.0524;187.3069;5835;220.0552;191.7363;186.8551;6861;219.3723;191.7501;186.7768;12286;214.8790;218.4397;224.9304;202;40;245;245
11.25555;222.4593;192.2625;189.0244;2495;221.4580;194.1531;189.8749;4886;216.9842;189.9259;184.3507;5900;218.6948;190.2451;185.4615;6813;218.2073;190.6724;185.7651;12352;214.9242;219.5519;225.8572;202;40;245;245
11.27710;222.6951;192.4891;189.1226;2529;220.7960;193.1532;189.0580;4927;216.6685;189.5533;184.0351;5901;218.8786;190.5686;185.7419;6818;217.8655;190.2566;185.4328;12278;214.9242;219.5519;225.8572;202;40;246;246
11.31621;222.3280;191.7612;188.5298;2567;221.1050;192.8771;189.0723;4884;217.8195;190.8204;185.2990;5906;219.7558;191.4146;186.7940;6883;218.7219;190.9458;186.1366;12167;215.3832;219.6205;225.8518;202;40;246;246
11.33686;222.3280;191.7612;188.5298;2567;221.1050;192.8771;189.0723;4884;217.8195;190.8204;185.2990;5906;219.7558;191.4146;186.7940;6883;218.7219;190.9458;186.1366;12167;215.3832;219.6205;225.8518;202;40;246;246
11.37462;221.8380;190.1155;186.1528;2519;220.9948;191.8062;187.3083;4830;217.4138;190.9975;185.3586;5892;219.4993;191.0892;185.9326;6839;218.5172;190.7175;185.6092;12175;214.8253;218.9443;225.4323;202;40;246;246
11.39621;221.8380;190.1155;186.1528;2519;220.9948;191.8062;187.3083;4830;217.4138;190.9975;185.3586;5892;219.4993;191.0892;185.9326;6839;218.5172;190.7175;185.6092;12175;214.8253;218.9443;225.4323;202;40;246;246
11.43342;224.2532;195.4198;190.8710;2480;223.4279;196.9482;191.7170;4791;216.4086;188.9841;183.0157;5851;219.3415;191.3728;185.8850;6767;218.5992;191.2115;185.6519;12145;215.2011;219.1368;225.3967;202;40;246;246
11.48570;221.8506;189.7115;186.6751;2530;220.2767;190.5099;186.9255;4901;218.2423;192.1277;186.7638;5910;219.9529;191.5300;187.0383;6859;218.6978;190.8566;186.1772;12272;215.1255;219.2735;225.5709;202;40;246;246
11.52927;221.8506;189.7115;186.6751;2530;220.2767;190.5099;186.9255;4901;218.2423;192.1277;186.7638;5910;219.9529;191.5300;187.0383;6859;218.6978;190.8566;186.1772;12272;215.1255;219.2735;225.5709;202;40;246;246
11.55017;223.0572;192.3276;189.2879;2518;222.4743;194.3867;190.5704;4830;216.5719;188.7811;183.4161;5842;218.9851;190.2181;185.7132;6826;218.4953;190.2456;185.6074;12145;214.4253;217.8211;224.3927;202;40;246;246
11.59019;223.0572;192.3276;189.2879;2518;222.4743;194.3867;190.5704;4830;216.5719;188.7811;183.4161;5842;218.9851;190.2181;185.7132;6826;218.4953;190.2456;185.6074;12145;214.4253;217.8211;224.3927;202;40;246;246
11.61465;222.1232;191.3009;188.3790;2499;221.7347;193.1559;189.3941;4867;217.5592;190.9253;185.9131;5812;219.1948;190.8383;186.7817;6766;218.7636;191.0906;186.5685;12281;215.2304;219.2289;225.5487;202;40;245;245
11.65331;222.1232;191.3009;188.3790;2499;221.7347;193.1559;189.3941;4867;217.5592;190.9253;185.9131;5812;219.1948;190.8383;186.7817;6766;218.7636;191.0906;186.5685;12281;215.2304;219.2289;225.5487;202;40;245;245
11.67391;221.4114;188.9822;185.7083;2523;221.1831;191.7536;187.7049;4833;217.7871;191.0183;185.1841;5795;219.1009;190.0769;185.1960;6851;218.6873;190.4606;185.4674;12221;214.4929;217.9641;224.4932;202;40;245;245
11.72563;223.3039;195.1199;190.7743;2468;223.3341;197.5724;192.5107;4762;216.7957;189.1062;184.1954;5809;219.0347;190.9431;186.4675;6824;218.7332;191.4209;186.4435;12157;215.0908;219.2524;225.5940;202;40;245;245
11.74328;223.3039;195.1199;190.7743;2468;223.3341;197.5724;192.5107;4762;216.7957;189.1062;184.1954;5809;219.0347;190.9431;186.4675;6824;218.7332;191.4209;186.4435;12157;215.0908;219.2524;225.5940;202;40;245;245
11.78958;220.7402;189.8160;185.7901;2544;220.6347;192.1400;187.5218;4906;218.6314;192.9321;187.4112;5849;219.5131;191.7635;186.6865;6893;218.8521;191.6842;186.6390;12431;215.0563;219.5417;225.8432;202;40;245;245
11.81115;221.2807;190.6937;186.4585;2569;220.8654;192.4966;187.7978;4940;218.4857;192.7244;187.2512;5899;219.9240;192.4593;187.3005;6908;218.9262;191.8580;186.7881;12405;215.0563;219.5417;225.8432;202;39;246;246
11.85360;223.3138;195.0985;190.8585;2508;222.8157;196.4307;191.6101;4834;215.8305;188.8167;183.2947;5975;218.8331;191.6434;186.5953;6859;218.1854;191.1180;185.8556;12368;214.7077;218.6777;224.9740;202;39;246;246
11.87677;222.7660;193.8185;189.9069;2534;222.7582;196.4570;191.6243;4860;216.1124;189.1964;183.6336;5900;218.6734;191.1744;186.2472;6807;218.2681;191.1976;185.9155;12413;214.7077;218.6777;224.9740;201;39;247;247
11.91404;222.0966;191.4735;187.7824;2619;222.4647;194.5070;190.0672;4868;218.0442;191.8500;185.7402;5839;219.6190;191.7734;186.6645;6885;219.2395;191.9948;186.5820;12244;215.0973;219.0715;225.3472;201;39;247;247
11.96585;222.3767;191.3331;188.4755;2591;222.5303;194.2245;190.0488;4958;217.1497;190.2930;185.1306;5751;219.2503;190.6709;186.3732;6961;218.8183;191.0828;186.3409;12303;214.8057;219.1732;225.6257;201;38;248;248
12.01034;222.3767;191.3331;188.4755;2591;222.5303;194.2245;190.0488;4958;217.1497;190.2930;185.1306;5751;219.2503;190.6709;186.3732;6961;218.8183;191.0828;186.3409;12303;214.8057;219.1732;225.6257;201;38;248;248
12.03090;224.1030;195.6188;191.5330;2621;223.9020;198.0946;193.5362;4948;217.4000;190.2121;184.6235;5918;220.0074;192.1141;187.2013;6934;219.3182;192.3326;187.2282;12416;215.1544;219.1156;225.3082;201;38;247;247
12.07008;224.1030;195.6188;191.5330;2621;223.9020;198.0946;193.5362;4948;217.4000;190.2121;184.6235;5918;220.0074;192.1141;187.2013;6934;219.3182;192.3326;187.2282;12416;215.1544;219.1156;225.3082;201;38;247;247
12.09358;221.3031;190.7885;185.6314;2653;221.8778;194.0272;188.3409;5031;218.9778;193.1321;186.9412;5937;220.2486;192.6818;186.8953;7040;219.5828;192.5497;186.6512;12493;214.9646;218.8927;225.2385;201;38;247;247
12.13602;221.3031;190.7885;185.6314;2653;221.8778;194.0272;188.3409;5031;218.9778;193.1321;186.9412;5937;220.2486;192.6818;186.8953;7040;219.5828;192.5497;186.6512;12493;214.9646;218.8927;225.2385;201;38;247;247
12.15840;222.9136;193.7668;189.9065;2663;222.9996;197.0816;192.1547;5023;216.4967;189.3597;183.5591;5833;218.8320;190.9983;185.9067;7129;218.7062;191.7636;186.4059;12395;214.8700;219.0780;225.3834;200;38;248;248
12.19761;222.9136;193.7668;189.9065;2663;222.9996;197.0816;192.1547;5023;216.4967;189.3597;183.5591;5833;218.8320;190.9983;185.9067;7129;218.7062;191.7636;186.4059;12395;214.8700;219.0780;225.3834;200;38;248;248
12.22020;222.7469;192.3979;188.2372;2631;222.5776;194.4616;189.7645;5024;218.2287;191.6734;186.0055;5781;220.1330;192.1156;187.0850;7035;219.4468;191.9169;186.6096;12455;215.0364;219.0533;225.3635;200;38;248;248
12.25948;222.7469;192.3979;188.2372;2631;222.5776;194.4616;189.7645;5024;218.2287;191.6734;186.0055;5781;220.1330;192.1156;187.0850;7035;219.4468;191.9169;186.6096;12455;215.0364;219.0533;225.3635;200;38;248;248
12.28078;221.6822;190.2423;186.5909;2662;221.7842;193.2845;188.8129;5083;217.1704;190.6621;185.4912;5933;219.0189;190.5981;185.9899;7129;218.6040;190.9476;186.0934;12543;214.7907;219.2267;225.4218;200;38;248;248
12.33382;224.0427;195.0332;191.2041;2621;223.5395;197.1434;192.6631;5064;216.7294;189.7149;183.8139;5861;219.5459;191.7088;186.7013;7023;218.8859;191.6742;186.3983;12504;215.1180;218.9632;225.2790;200;38;248;248
12.35538;224.0427;195.0332;191.2041;2621;223.5767;197.3992;192.8692;4947;216.9829;189.9177;183.9627;5906;219.6626;191.8253;186.8176;6891;218.8870;191.7084;186.3957;12443;215.1180;218.9632;225.2790;200;38;247;247
12.39619;221.8338;190.4894;186.2930;2642;222.1824;193.5729;189.0795;4908;219.4959;193.3382;187.6422;5902;220.5673;192.3628;187.2824;6890;219.7658;192.1042;187.0082;12340;215.0960;219.4050;225.6186;200;38;247;247
12.41886;221.8338;190.4894;186.2930;2642;222.2137;193.4617;188.9648;5025;219.1354;192.9076;187.2746;5791;220.5161;192.3697;187.2958;7036;219.8590;192.2365;187.1358;12434;215.0960;219.4050;225.6186;200;38;248;248
12.45609;223.9179;194.3826;190.3734;2606;223.6994;197.3529;192.2455;5007;216.9240;189.2363;183.5643;5818;219.5483;191.2244;186.2394;6980;219.0790;191.3922;186.0042;12371;214.8715;218.9610;225.2981;200;38;248;248
12.47386;223.6358;193.5604;189.7882;2559;223.1543;196.1867;191.3420;4965;216.6252;188.8251;183.1936;5739;219.3083;190.8000;185.9132;6925;218.8030;190.8438;185.5707;12266;214.8715;218.9610;225.2981;200;39;248;248
12.51262;222.5808;191.3672;187.5564;2579;221.6921;193.1806;188.7085;5073;218.2392;191.9697;185.4279;5719;219.8631;191.8594;186.2702;6962;219.2355;191.5657;186.0395;12274;215.1818;218.8692;225.1694;200;39;248;248
12.53434;222.3176;190.6098;186.9843;2550;221.4526;192.6937;188.3464;4916;218.1204;191.7911;185.2910;5763;219.7056;191.4502;185.9649;6755;218.9146;191.0683;185.6201;12128;215.1818;218.8692;225.1694;201;40;247;247
12.57643;221.2599;189.4810;185.9507;2578;220.8167;192.0520;187.7537;4905;216.9307;190.2454;184.6691;6002;218.5805;189.9489;185.1883;6908;217.9859;190.1011;184.9892;12382;214.7470;218.8581;225.2322;201;40;247;247
12.59704;221.2599;189.4810;185.9507;2578;220.4423;191.5406;187.3012;5067;216.7562;190.2011;184.6774;5887;218.4872;189.9107;185.1583;7044;217.8446;189.9494;184.8836;12478;214.7470;218.8581;225.2322;201;40;248;248
12.63496;223.5090;194.2940;189.9646;2544;222.8275;196.1296;191.3666;4986;216.2416;189.0592;183.1826;5812;218.9566;190.9295;185.6337;6939;218.3388;190.9821;185.6784;12342;215.0921;219.0338;225.4223;201;40;248;248
12.68582;221.9264;189.5734;186.1940;2567;221.6892;192.7758;188.4815;4858;218.5896;192.4514;186.9682;5826;220.1791;191.5365;186.9110;6727;219.2997;191.6816;186.6843;12096;214.6474;218.2764;224.7395;202;40;247;247
12.73010;221.9264;189.5734;186.1940;2567;221.6892;192.7758;188.4815;4858;218.5896;192.4514;186.9682;5826;220.1791;191.5365;186.9110;6727;219.2997;191.6816;186.6843;12096;214.6474;218.2764;224.7395;202;40;247;247
12.75226;223.3571;193.8784;189.3883;2557;222.8926;196.5186;191.2091;4992;216.0723;188.5022;183.0582;5669;218.9003;190.6028;185.5732;6884;218.4877;190.9918;185.5650;12179;214.5308;218.2208;224.7060;202;40;248;248
12.79430;223.3571;193.8784;189.3883;2557;222.8926;196.5186;191.2091;4992;216.0723;188.5022;183.0582;5669;218.9003;190.6028;185.5732;6884;218.4877;190.9918;185.5650;12179;214.5308;218.2208;224.7060;202;40;248;248
12.81388;221.7145;191.3572;187.4760;2567;221.3116;193.5973;188.8574;4917;217.4662;191.6979;185.8594;5845;219.0986;191.6680;186.5977;6826;218.6916;191.5880;186.2885;12165;214.9510;218.6694;225.2246;202;40;247;247
12.85571;221.7145;191.3572;187.4760;2567;221.3116;193.5973;188.8574;4917;217.4662;191.6979;185.8594;5845;219.0986;191.6680;186.5977;6826;218.6916;191.5880;186.2885;12165;214.9510;218.6694;225.2246;202;40;247;247
12.87564;222.0769;190.4211;186.2276;2548;222.4983;194.1930;189.4165;4776;216.6685;189.9040;184.3076;5877;218.8742;190.1511;185.0584;6831;218.3657;190.6646;185.3491;12142;214.5547;218.8703;225.2370;202;40;247;247
12.92564;223.5053;194.0666;190.4168;2553;222.9049;196.7348;192.1340;4845;216.1152;188.9992;183.6316;5893;219.1397;191.1936;186.6730;6817;218.4981;191.4002;186.3298;12078;215.0566;218.8887;225.3896;202;40;247;247
12.94660;223.7810;194.9523;191.1169;2516;223.3814;197.4950;192.7266;4824;216.3744;189.3492;183.9580;5882;219.2653;191.4251;186.8016;6859;218.8013;191.9004;186.7758;12239;215.0566;218.8887;225.3896;203;40;245;245
12.98929;221.8469;190.2501;186.3388;2547;221.8288;192.9584;188.6145;4882;218.4694;192.0173;186.4592;5967;219.9105;191.6017;186.5607;6950;219.1720;191.4276;186.3799;12378;214.9179;219.3886;225.7318;203;40;245;245
13.00977;222.0831;190.4626;186.5468;2551;221.6645;192.5486;188.2764;4880;218.1406;191.6086;186.0726;5940;219.9697;191.7224;186.6857;6908;218.9205;191.1314;186.1493;12325;214.9179;219.3886;225.7318;203;40;246;246
13.05302;223.9547;195.1924;191.1088;2536;223.2716;196.8575;191.9686;4842;215.8383;188.4875;183.9199;5906;219.1196;191.3422;186.8939;6862;218.4479;191.1714;186.4749;12109;214.8244;218.2608;224.7866;203;40;246;246
13.07394;223.3269;193.8310;190.1831;2545;223.2716;196.8575;191.9686;4842;215.7664;188.4905;183.9231;5868;218.7002;190.6866;186.4118;6802;218.3728;191.0445;186.3571;12057;214.8244;218.2608;224.7866;203;40;247;247
13.11281;223.0190;191.3870;187.8172;2522;223.0146;194.1545;189.5355;4803;217.7497;191.1242;185.0587;5876;219.9700;191.5677;186.3389;6739;219.2436;191.3667;185.9490;12147;215.1896;218.8836;225.3320;203;40;247;247
13.16618;221.7816;190.6194;187.4553;2583;222.0054;193.9998;189.6196;4829;216.2154;189.0139;183.8810;5983;218.2660;189.5492;185.1892;6914;217.9410;189.9416;185.1959;12310;214.9502;219.1199;225.5773;203;40;247;247
13.21033;221.7816;190.6194;187.4553;2583;222.0054;193.9998;189.6196;4829;216.2154;189.0139;183.8810;5983;218.2660;189.5492;185.1892;6914;217.9410;189.9416;185.1959;12310;214.9502;219.1199;225.5773;203;40;247;247
13.23089;223.5976;193.7886;190.6193;2545;223.6140;196.6999;192.5876;4915;215.9365;189.0293;184.1910;5733;218.9816;190.6053;186.4545;6863;218.7621;191.5159;186.9621;12128;215.3120;219.1242;225.3710;202;40;248;248
13.26978;223.5976;193.7886;190.6193;2545;223.6140;196.6999;192.5876;4915;215.9365;189.0293;184.1910;5733;218.9816;190.6053;186.4545;6863;218.7621;191.5159;186.9621;12128;215.3120;219.1242;225.3710;202;40;248;248
13.29355;221.3800;190.0459;186.8408;2550;221.8520;193.0767;189.0825;4824;217.8418;191.9963;185.8187;5892;219.3689;191.5491;186.4476;6867;218.9269;191.4848;186.3221;12126;214.9276;218.9396;225.3761;202;40;247;247
13.33315;221.3800;190.0459;186.8408;2550;221.8520;193.0767;189.0825;4824;217.8418;191.9963;185.8187;5892;219.3689;191.5491;186.4476;6867;218.9269;191.4848;186.3221;12126;214.9276;218.9396;225.3761;202;40;247;247
13.35520;222.3450;192.8527;189.5085;2600;222.7562;196.4164;192.0880;4909;216.4313;189.0597;183.8758;5933;218.5636;190.4348;186.0844;6952;218.4064;191.0664;186.1916;12312;214.9083;218.8060;225.2022;201;40;247;247
13.39441;222.3450;192.8527;189.5085;2600;222.7562;196.4164;192.0880;4909;216.4313;189.0597;183.8758;5933;218.5636;190.4348;186.0844;6952;218.4064;191.0664;186.1916;12312;214.9083;218.8060;225.2022;201;40;247;247
13.41340;221.5128;190.3147;186.9002;2574;221.4562;192.8876;188.7247;4868;217.6500;192.6360;187.1446;6072;219.0473;191.8948;187.0481;7005;218.7727;191.9278;187.0081;12409;215.0461;218.3178;224.8531;200;40;247;247
13.45316;221.5128;190.3147;186.9002;2574;221.4562;192.8876;188.7247;4868;217.6500;192.6360;187.1446;6072;219.0473;191.8948;187.0481;7005;218.7727;191.9278;187.0081;12409;215.0461;218.3178;224.8531;200;40;247;247
13.47369;222.2322;191.0471;187.3788;2463;221.4380;193.3389;188.7169;4765;216.3101;189.5346;184.0935;5902;218.4011;189.9567;185.2537;6744;217.8955;190.3185;185.3482;12100;214.5703;218.2364;224.7051;200;41;246;246
13.53369;222.2738;193.3958;189.5765;2491;221.2366;194.7710;190.4556;4868;215.1549;189.6893;184.3919;5925;217.8377;191.2014;186.6415;6801;217.4850;191.2052;186.2718;12228;215.1320;218.8730;225.2061;200;41;246;246
13.55724;222.1288;193.2091;189.4554;2453;221.9094;195.7323;191.1967;4845;215.8991;190.6206;185.2252;5857;217.5270;190.8412;186.3081;6858;217.9621;191.7849;186.7211;12238;215.1320;218.8730;225.2061;201;41;244;244
13.59582;221.3332;190.3398;186.4884;2416;221.2501;193.0968;188.7161;4691;218.6273;193.7218;187.6858;5806;219.3324;192.0577;186.8295;6797;219.0021;192.3786;187.0763;12103;214.8719;218.9636;225.3725;201;41;244;244
13.61754;221.2276;190.1882;186.3730;2386;221.0565;192.9062;188.5608;4672;218.7678;193.8504;187.8075;5843;219.3109;191.8693;186.6288;6710;219.1890;192.6538;187.3229;12024;214.8719;218.9636;225.3725;201;41;243;243
13.65739;222.9723;194.5966;190.6889;2385;222.8384;197.3007;192.8155;4666;216.5437;190.0582;184.9925;5897;218.4317;190.8284;186.3642;6732;218.5618;192.1121;187.2211;12137;214.8333;218.0573;224.6636;201;41;243;243
13.67760;222.9723;194.5966;190.6889;2385;223.4005;198.1850;193.5184;4612;216.4296;189.9089;184.8550;5936;218.7006;191.1715;186.6522;6687;218.6774;192.3307;187.3726;12120;214.8333;218.0573;224.6636;202;41;242;242
13.71594;220.6620;189.2819;185.9580;2476;221.2645;192.7630;188.6464;4734;218.8071;192.9514;187.7073;5879;219.3333;191.3484;186.8063;6733;219.4498;192.2434;187.5268;12115;215.0653;218.8631;225.4237;202;41;242;242
13.73760;220.6620;189.2819;185.9580;2476;221.2645;192.7630;188.6464;4734;218.8071;192.9514;187.7073;5879;219.3333;191.3484;186.8063;6733;219.4498;192.2434;187.5268;12115;215.0653;218.8631;225.4237;202;41;242;242
13.77813;220.7873;189.7537;186.9110;2473;221.6544;194.0728;189.9652;4684;216.0354;189.4578;184.2184;5823;217.9002;189.5061;185.1141;6676;217.8701;190.4877;185.8106;12012;214.5858;217.8871;224.5588;202;41;242;242
13.79970;221.2838;190.7756;187.6906;2505;222.1829;195.0040;190.7421;4696;216.2358;189.7989;184.5455;5864;218.2818;190.1578;185.6355;6736;218.1649;190.9879;186.2328;12120;214.5858;217.8871;224.5588;202;40;242;242
13.83749;222.4819;193.5609;190.2381;2407;223.1145;196.5347;192.3070;4612;216.9804;190.5545;185.0332;5962;218.9275;191.3738;186.7024;6714;218.9969;192.2148;187.1240;12117;215.1190;219.0067;225.4542;202;40;242;242
13.88559;219.4935;188.5406;185.6556;2523;220.5982;192.3921;188.7676;4734;218.4662;192.9563;187.3144;5995;218.7672;191.0511;186.5752;6844;218.8296;191.8647;187.0160;12303;214.5965;218.0174;224.6264;202;40;242;242
13.92749;219.4935;188.5406;185.6556;2523;220.5982;192.3921;188.7676;4734;218.4662;192.9563;187.3144;5995;218.7672;191.0511;186.5752;6844;218.8296;191.8647;187.0160;12303;214.5965;218.0174;224.6264;202;40;242;242
13.94938;222.9935;193.2727;190.3113;2464;223.6709;197.4094;193.1605;4643;216.9005;189.8927;185.2383;5901;219.0716;190.8966;186.9342;6773;218.8718;191.8398;187.3720;12135;214.8400;218.6584;225.1466;202;40;242;242
13.98893;222.9935;193.2727;190.3113;2464;223.6709;197.4094;193.1605;4643;216.9005;189.8927;185.2383;5901;219.0716;190.8966;186.9342;6773;218.8718;191.8398;187.3720;12135;214.8400;218.6584;225.1466;202;40;242;242
14.01346;220.6673;189.8619;187.0129;2477;220.7209;192.3894;188.3819;4841;218.3515;193.7478;187.9978;6011;218.8279;191.7118;187.1216;6925;218.8254;192.3041;187.3522;12434;215.0802;219.1356;225.5924;201;39;243;243
14.05179;220.6673;189.8619;187.0129;2477;220.7209;192.3894;188.3819;4841;218.3515;193.7478;187.9978;6011;218.8279;191.7118;187.1216;6925;218.8254;192.3041;187.3522;12434;215.0802;219.1356;225.5924;201;39;243;243
14.07058;222.5956;192.5310;189.4576;2384;222.2059;195.2318;191.2053;4715;217.1211;190.2325;185.7281;5935;218.8458;190.6818;186.8685;6762;218.6445;191.3072;186.9984;12284;214.4232;218.0291;224.6564;201;39;243;243
14.12530;223.4109;194.4596;190.5540;2424;222.5089;196.3540;192.1418;4712;217.6242;191.5377;186.6964;6001;219.2117;191.7577;187.3931;6873;219.1130;192.5742;187.9653;12261;215.0530;218.8379;225.3007;201;39;243;243
14.14631;223.4109;194.4596;190.5540;2424;222.5089;196.3540;192.1418;4712;217.6242;191.5377;186.6964;6001;219.2117;191.7577;187.3931;6873;219.1130;192.5742;187.9653;12261;215.0530;218.8379;225.3007;201;39;243;243
14.18993;221.2844;190.8130;187.2296;2465;221.4868;193.5852;189.3732;4764;218.6275;192.9471;187.2718;5919;219.1051;191.6142;186.6751;6876;219.2345;192.2154;187.3586;12296;214.5369;218.2746;225.1294;201;39;243;243
14.21112;221.2844;190.8130;187.2296;2465;221.4868;193.5852;189.3732;4764;218.6275;192.9471;187.2718;5919;219.1051;191.6142;186.6751;6876;219.2345;192.2154;187.3586;12296;214.5369;218.2746;225.1294;201;39;243;243
14.25269;223.4743;195.1802;190.5507;2475;222.9231;197.3452;192.2484;4879;216.4367;189.9767;184.6052;5924;218.8064;191.5448;186.4763;6926;218.5499;192.0001;186.7656;12377;214.6321;218.1152;224.7773;201;39;243;243
14.27597;223.2512;195.0033;190.4371;2448;222.6391;197.0373;192.0023;4832;216.6106;190.0917;184.6707;5922;218.9186;191.5907;186.5085;6889;218.6204;192.0475;186.7950;12315;214.6321;218.1152;224.7773;200;39;243;243
14.31309;220.8128;189.6214;187.6775;2372;220.6930;192.0118;189.2167;4652;217.8347;193.4881;188.1146;5779;218.5535;191.6517;187.5650;6761;218.8656;192.3705;188.0661;11875;215.1392;218.1274;224.7090;200;39;243;243
14.36569;218.5296;188.6107;186.7945;2345;219.0340;192.4317;189.2514;4559;215.5014;190.0358;184.9925;5590;216.1216;188.9585;185.2022;6499;216.4247;190.0732;185.7956;11524;215.0025;217.9533;224.3960;200;38;243;243
14.40604;218.5296;188.6107;186.7945;2345;219.0340;192.4317;189.2514;4559;215.5014;190.0358;184.9925;5590;216.1216;188.9585;185.2022;6499;216.4247;190.0732;185.7956;11524;215.0025;217.9533;224.3960;200;38;243;243
14.42978;217.9314;188.5118;186.6615;2331;217.0499;190.6210;187.6893;4625;216.8640;192.6275;187.0130;5538;216.8586;190.6849;186.4727;6499;216.3844;190.8164;186.4333;11622;215.5105;218.1345;224.1986;199;36;243;243
14.46909;217.9314;188.5118;186.6615;2331;217.0499;190.6210;187.6893;4625;216.8640;192.6275;187.0130;5538;216.8586;190.6849;186.4727;6499;216.3844;190.8164;186.4333;11622;215.5105;218.1345;224.1986;199;36;243;243
14.49365;215.9736;186.9629;184.5958;2348;216.9203;191.0137;187.5856;4515;217.1088;192.4201;186.6609;5680;216.7731;190.5112;185.8238;6497;216.7772;191.0766;186.3350;11665;215.2759;218.0967;224.4236;198;34;242;242
14.53442;215.9736;186.9629;184.5958;2348;216.9203;191.0137;187.5856;4515;217.1088;192.4201;186.6609;5680;216.7731;190.5112;185.8238;6497;216.7772;191.0766;186.3350;11665;215.2759;218.0967;224.4236;198;34;242;242
14.55525;220.5319;192.4532;189.8535;2348;221.0108;195.7001;192.0476;4535;217.1870;190.7628;185.7284;5726;218.4281;191.4152;187.1926;6506;218.4122;192.0973;187.6576;11596;215.4934;217.8741;224.2213;197;33;241;241
14.59596;220.5319;192.4532;189.8535;2348;221.0108;195.7001;192.0476;4535;217.1870;190.7628;185.7284;5726;218.4281;191.4152;187.1926;6506;218.4122;192.0973;187.6576;11596;215.4934;217.8741;224.2213;197;33;241;241
14.61457;219.8383;189.2394;185.8167;2368;220.7185;192.9412;189.0218;4589;219.2432;194.0743;188.4977;5749;219.2599;192.1978;187.3642;6467;219.7619;193.1982;188.3268;11733;215.4242;218.2821;224.5779;196;32;241;241
14.65295;219.8383;189.2394;185.8167;2368;220.7185;192.9412;189.0218;4589;219.2432;194.0743;188.4977;5749;219.2599;192.1978;187.3642;6467;219.7619;193.1982;188.3268;11733;215.4242;218.2821;224.5779;196;32;241;241
14.67316;221.9554;193.8223;191.0945;2285;221.3518;195.6681;192.3765;4568;218.1605;191.2021;186.6177;5844;219.2704;191.8102;187.7673;6608;219.2789;192.4606;188.3938;11916;214.9891;217.0247;223.4630;195;31;240;240
14.73379;221.0569;192.0026;189.1637;2303;221.0347;194.5191;190.9332;4492;219.8534;194.1722;188.6584;5715;220.1894;193.1040;188.6024;6537;220.1592;193.7633;189.0155;11743;215.6694;218.2857;224.5327;195;31;240;240
14.75459;221.2454;192.6428;189.6017;2315;221.3901;195.3733;191.5852;4535;220.2012;194.5688;188.9386;5761;220.4050;193.4637;188.8294;6578;220.4294;194.2251;189.3832;11846;215.6694;218.2857;224.5327;194;30;240;240
14.79175;220.5684;190.7470;188.2767;2324;219.6719;192.6587;189.2936;4609;220.2026;194.4595;188.4766;5835;219.9100;192.6377;187.8173;6643;219.7333;193.0012;188.2304;12040;215.0109;217.0067;223.5681;194;30;240;240
14.81372;220.7836;191.2919;188.7248;2278;219.6218;192.5866;189.2782;4543;220.3606;194.6147;188.6265;5957;220.1133;192.9182;188.0088;6575;219.7128;192.9311;188.1749;12025;215.0109;217.0067;223.5681;194;30;239;239
14.85454;223.0455;195.7391;192.6872;2196;221.6522;196.4102;192.8058;4388;219.8447;193.2426;187.6945;5912;220.5872;193.3003;188.6189;6470;220.3261;193.7650;189.0777;11853;215.4096;217.3958;223.7352;194;30;239;239
14.87499;223.0455;195.7391;192.6872;2196;221.6522;196.4102;192.8058;4388;219.8196;193.0526;187.4979;5953;220.7199;193.4660;188.7107;6373;220.4447;194.0086;189.2952;11767;215.4096;217.3958;223.7352;194;30;238;238
14.91405;220.9505;191.0000;187.8086;2283;219.5164;191.9876;188.3751;4433;221.9031;195.9539;190.0993;5873;221.3290;193.7845;188.8228;6423;220.9054;194.2310;189.2661;11783;215.1758;217.0974;223.5437;194;30;238;238
14.93415;220.8857;190.8419;187.6728;2283;219.5153;191.9229;188.3266;4421;221.8308;196.0049;190.1799;5869;221.2983;193.8003;188.8600;6471;220.8711;194.2125;189.2590;11759;215.1758;217.0974;223.5437;195;30;238;238
14.98157;222.7321;195.4843;192.4553;2236;221.0561;195.4386;192.0286;4400;220.0661;192.3938;186.9710;5972;220.5729;192.6732;188.0935;6404;220.3872;193.3856;188.7304;11854;214.6073;216.6193;223.0259;195;30;238;238
15.00356;222.6852;195.4089;192.3775;2262;221.3704;195.8044;192.3008;4428;220.0642;192.6125;187.2736;5954;220.6521;192.8715;188.3375;6528;220.0639;192.9060;188.3181;11960;214.6073;216.6193;223.0259;196;30;239;239
15.04891;221.8503;194.1753;191.2325;2271;221.1699;195.2933;191.9327;4443;221.3030;195.1146;189.7413;5891;221.2797;194.0917;189.6350;6524;220.7980;194.2659;189.8214;11980;215.0391;217.1120;223.6813;196;30;239;239
15.08763;221.3668;193.7399;190.0430;2372;221.5883;195.6283;191.4124;4525;221.1589;194.4690;188.6563;5810;220.9629;193.5161;188.4783;6598;220.7897;193.9957;188.8878;11992;214.6231;216.8770;223.4000;197;30;240;240
15.13361;221.3668;193.7399;190.0430;2372;221.5883;195.6283;191.4124;4525;221.1589;194.4690;188.6563;5810;220.9629;193.5161;188.4783;6598;220.7897;193.9957;188.8878;11992;214.6231;216.8770;223.4000;197;30;240;240
15.15509;223.5014;196.8992;193.3295;2461;222.6848;198.4842;193.9355;4670;219.8811;192.4976;186.9258;5927;220.9374;193.6561;188.7783;6801;220.7054;194.1859;189.2017;12267;214.6112;215.8002;222.3224;198;30;240;240
15.20240;223.5014;196.8992;193.3295;2461;222.6848;198.4842;193.9355;4670;219.8811;192.4976;186.9258;5927;220.9374;193.6561;188.7783;6801;220.7054;194.1859;189.2017;12267;214.6112;215.8002;222.3224;198;30;240;240
15.22563;221.6227;192.2378;188.9008;2489;221.4659;195.2563;191.0934;4709;221.5054;195.4445;189.6640;6009;221.6967;194.3914;189.4083;6735;221.1166;194.5321;189.5146;12334;214.7517;216.6843;223.2512;198;29;242;242
15.26451;221.6227;192.2378;188.9008;2489;221.4659;195.2563;191.0934;4709;221.5054;195.4445;189.6640;6009;221.6967;194.3914;189.4083;6735;221.1166;194.5321;189.5146;12334;214.7517;216.6843;223.2512;198;29;242;242
15.28414;222.5264;194.9570;191.4092;2466;222.3405;197.7512;193.1901;4840;219.8402;192.6921;186.8099;6006;220.4032;192.9126;187.8607;6908;220.3035;193.6176;188.4144;12501;214.6685;217.2055;223.4927;198;29;243;243
15.32557;222.2287;193.2471;190.5528;2444;222.2489;195.5621;191.9403;4677;221.7529;194.9244;189.6287;5949;221.6241;193.5990;189.4269;6755;221.3186;194.2055;189.6782;12379;215.0450;216.9281;223.2530;198;29;243;243
15.34724;222.4908;193.8685;190.9683;2494;222.6770;196.3182;192.4706;4771;221.7529;194.9244;189.6287;5949;221.9838;194.2617;190.0074;6896;221.4452;194.4334;189.8355;12507;215.0450;216.9281;223.2530;198;28;244;244
15.38967;221.7540;193.2718;189.3819;2480;221.6939;195.7987;191.0002;4828;220.6637;193.7140;187.7696;5930;220.8429;193.0571;187.9832;6864;220.5597;193.4894;188.1143;12490;214.8211;217.3806;223.6853;198;28;244;244
15.41436;221.9764;193.4076;189.4507;2505;221.9498;196.0654;191.1757;4877;220.4446;193.3795;187.5213;5989;220.8433;193.0145;187.9504;6897;220.5806;193.5238;188.1323;12610;214.8211;217.3806;223.6853;199;28;244;244
15.45316;224.1545;197.5498;193.6875;2499;223.7732;199.6237;194.9790;4802;220.4982;192.4938;186.9848;5976;221.7010;193.8021;189.0051;6923;221.1428;194.2568;189.2599;12538;215.0835;217.0863;223.4077;199;28;244;244
15.47400;224.0057;196.9318;193.1604;2463;223.5653;199.0096;194.5126;4709;220.2969;192.2672;186.8217;6006;221.4385;193.2674;188.5428;6851;220.9983;193.9407;189.0040;12405;215.0835;217.0863;223.4077;200;29;243;243
15.51217;221.8738;192.5625;189.6229;2503;221.2693;194.7823;190.8227;4750;221.6690;195.5561;189.6518;6006;221.4797;193.9318;189.1857;6902;221.0366;194.3403;189.3139;12502;215.0957;217.6582;224.0236;200;29;243;243
15.56548;223.5975;195.9649;192.8623;2477;223.5968;198.9628;194.5916;4806;219.1455;191.6526;185.9356;6146;220.7472;193.0841;188.3101;6959;220.3605;193.4405;188.3468;12539;214.7596;216.6097;223.0874;201;29;245;245
15.61141;223.5975;195.9649;192.8623;2477;223.5968;198.9628;194.5916;4806;219.1455;191.6526;185.9356;6146;220.7472;193.0841;188.3101;6959;220.3605;193.4405;188.3468;12539;214.7596;216.6097;223.0874;201;29;245;245
15.63164;223.3727;194.2324;189.9499;2517;222.6433;196.2962;191.6010;4797;221.0740;194.5005;188.4145;6108;222.1853;194.7748;189.3816;6976;221.1855;194.3453;188.9229;12469;215.2987;217.4997;223.6530;202;29;246;246
15.67942;223.3727;194.2324;189.9499;2517;222.6433;196.2962;191.6010;4797;221.0740;194.5005;188.4145;6108;222.1853;194.7748;189.3816;6976;221.1855;194.3453;188.9229;12469;215.2987;217.4997;223.6530;202;29;246;246
15.69959;222.3524;192.7652;189.3082;2602;222.6632;196.2319;191.8789;4890;220.7912;192.9491;187.7012;6035;221.5981;193.1143;188.6341;6947;220.8230;193.1460;188.2868;12489;214.5463;216.7780;223.1312;202;28;247;247
15.74284;222.3524;192.7652;189.3082;2602;222.6632;196.2319;191.8789;4890;220.7912;192.9491;187.7012;6035;221.5981;193.1143;188.6341;6947;220.8230;193.1460;188.2868;12489;214.5463;216.7780;223.1312;202;28;247;247
15.76847;223.6487;197.4123;192.5559;2576;223.7852;199.4467;194.3500;4860;219.1328;191.1005;186.1124;6218;221.0305;193.8559;188.9888;7079;220.4610;193.5009;188.4964;12634;215.1067;217.2749;223.6286;204;29;246;246
15.83679;223.6487;197.4123;192.5559;2576;223.7852;199.4467;194.3500;4860;219.1328;191.1005;186.1124;6218;221.0305;193.8559;188.9888;7079;220.4610;193.5009;188.4964;12634;215.1067;217.2749;223.6286;204;29;246;246
15.86879;222.6292;192.4998;189.0172;2551;222.7332;195.7038;191.2702;4933;220.8541;194.1964;188.6715;6161;221.6402;193.6261;188.7354;6996;220.9598;193.7230;188.7969;12709;215.0825;217.5685;223.7922;205;30;245;245
15.93666;222.6292;192.4998;189.0172;2551;222.7332;195.7038;191.2702;4933;220.8541;194.1964;188.6715;6161;221.6402;193.6261;188.7354;6996;220.9598;193.7230;188.7969;12709;215.0825;217.5685;223.7922;205;30;245;245
15.96107;224.3827;197.3042;192.5558;2571;224.7387;200.0627;194.9281;4899;219.1717;191.0328;185.4273;6127;221.1976;193.3561;187.9689;7131;220.5644;193.3668;188.0527;12711;214.8604;217.4401;223.6984;205;30;244;244
16.00881;223.7578;194.2136;190.3053;2519;223.9651;197.6990;192.9792;4960;219.4330;191.4078;185.8311;6111;221.0883;192.3430;187.4756;7059;220.3764;192.7465;187.5632;12804;214.6935;216.6910;223.0795;205;30;244;244
16.04556;224.6126;196.5506;193.1008;2530;224.2962;199.0827;194.7464;4969;218.9265;191.1416;185.9017;6146;220.9226;192.8484;188.2012;7052;220.3946;193.2154;188.5373;12774;215.3331;217.7870;224.0048;204;31;243;243
16.08896;224.6126;196.5506;193.1008;2530;224.2962;199.0827;194.7464;4969;218.9265;191.1416;185.9017;6146;220.9226;192.8484;188.2012;7052;220.3946;193.2154;188.5373;12774;215.3331;217.7870;224.0048;204;31;243;243
16.11186;223.0403;192.8374;188.4540;2509;223.4004;196.0065;191.0807;4805;220.3311;193.2842;187.8547;6104;221.5257;193.1463;188.1298;6911;220.8120;193.2889;188.1659;12546;215.0141;217.3647;223.6265;204;32;242;242
16.15850;223.0403;192.8374;188.4540;2509;223.4004;196.0065;191.0807;4805;220.3311;193.2842;187.8547;6104;221.5257;193.1463;188.1298;6911;220.8120;193.2889;188.1659;12546;215.0141;217.3647;223.6265;204;32;242;242
16.18283;224.5680;196.6953;192.9006;2514;224.7502;199.9673;195.4464;4839;218.0352;190.3632;185.1467;6142;220.5431;192.7676;188.0304;7010;220.0449;193.0946;188.2461;12574;214.9630;217.2289;223.4607;203;32;242;242
16.23138;223.2107;193.2024;189.4020;2530;223.6356;196.8151;192.3049;4857;219.9076;193.5787;188.9954;6124;221.3623;193.5261;189.3031;6915;220.9510;194.0040;189.4841;12578;215.1873;216.7343;223.1952;203;32;242;242
16.25349;223.1586;193.2052;189.4242;2553;223.3001;196.3651;191.9929;4788;220.2291;193.8438;189.1435;6228;221.4111;193.5406;189.2926;6988;221.0999;194.0970;189.5270;12487;215.1873;216.7343;223.1952;202;32;241;241
16.29833;223.1564;193.8456;189.9438;2507;223.5167;197.6974;193.3159;4809;217.8324;191.4247;185.8802;6186;219.8825;192.4681;187.5336;6930;219.7663;193.1430;188.1830;12458;214.9971;217.7072;223.9891;202;32;241;241
16.32087;223.0525;193.7843;189.9068;2531;223.3050;197.2176;192.9329;4784;217.9319;191.4311;185.8592;6003;219.9833;192.4078;187.4517;6961;219.7376;192.9494;188.0150;12429;214.9971;217.7072;223.9891;201;33;240;240
16.36762;224.4845;196.6081;192.6769;2516;224.4752;199.2426;194.6292;4790;218.2117;191.4386;186.5468;6117;220.5740;192.9409;188.4825;6956;220.3449;193.8120;189.0064;12440;215.1599;217.1331;223.4126;201;33;240;240
16.38902;224.0420;196.0486;192.3178;2426;223.5461;197.9323;193.6073;4724;218.5071;191.4390;186.5049;6180;220.3626;192.5017;188.0752;6955;219.9883;193.1099;188.3802;12391;215.1599;217.1331;223.4126;199;34;239;239
16.42689;222.5586;193.6971;188.7664;2354;222.6054;195.8640;191.0428;4582;219.8269;194.6160;189.0044;6071;220.8823;194.0682;188.6620;6831;220.4910;194.2817;189.0798;12158;214.8226;216.8141;223.2790;199;34;239;239
16.46137;224.2725;197.0837;193.6799;2437;224.8753;200.8015;196.3615;4741;218.3436;191.8322;186.4942;6258;220.2767;193.2621;188.7255;6914;220.4838;194.5086;189.5764;12442;214.9538;217.1865;223.5946;196;33;241;241
16.50219;224.2725;197.0837;193.6799;2437;224.8753;200.8015;196.3615;4741;218.3436;191.8322;186.4942;6258;220.2767;193.2621;188.7255;6914;220.4838;194.5086;189.5764;12442;214.9538;217.1865;223.5946;196;33;241;241
16.52535;222.7021;194.4260;190.2785;2474;222.8140;196.9788;192.4762;4817;220.8586;195.2207;189.9954;6025;221.1228;194.2147;189.4029;6964;221.0233;194.8964;190.0341;12424;214.9278;216.6455;223.1199;193;32;243;243
16.56624;222.7021;194.4260;190.2785;2474;222.8140;196.9788;192.4762;4817;220.8586;195.2207;189.9954;6025;221.1228;194.2147;189.4029;6964;221.0233;194.8964;190.0341;12424;214.9278;216.6455;223.1199;193;32;243;243
16.58933;222.7897;194.4679;191.3954;2496;223.2735;197.5561;193.8288;4866;219.2838;192.6592;187.6710;6192;219.9926;192.7944;188.4728;7125;220.3036;193.6370;189.2281;12681;214.8328;217.2204;223.4672;191;32;244;244
16.63368;222.7897;194.4679;191.3954;2496;223.2735;197.5561;193.8288;4866;219.2838;192.6592;187.6710;6192;219.9926;192.7944;188.4728;7125;220.3036;193.6370;189.2281;12681;214.8328;217.2204;223.4672;191;32;244;244
16.65401;223.3128;196.6376;192.7123;2503;223.8411;199.6392;195.2460;4878;219.4139;192.9299;187.4965;6052;220.5574;193.7634;188.8885;6995;220.7182;194.7823;189.8255;12573;214.8918;216.0842;222.5488;189;32;244;244
16.69711;223.3128;196.6376;192.7123;2503;223.8411;199.6392;195.2460;4878;219.4139;192.9299;187.4965;6052;220.5574;193.7634;188.8885;6995;220.7182;194.7823;189.8255;12573;214.8918;216.0842;222.5488;189;32;244;244
16.71823;222.2680;193.1609;189.7890;2474;222.4448;195.9420;191.9013;4863;220.4424;194.4054;189.3011;6051;220.9534;193.5698;189.0520;6925;220.6370;194.0145;189.4552;12593;214.7032;216.2488;222.8714;188;32;245;245
16.76848;223.7965;196.6694;193.9358;2462;224.1413;199.7088;196.2702;4804;218.7154;190.8229;186.1915;6114;220.3755;192.5273;188.5896;6913;220.1641;193.1563;189.0764;12624;214.5669;215.6812;222.4027;188;32;245;245
16.78790;223.8997;196.8111;194.0345;2493;223.8299;198.9860;195.6987;4796;218.4887;190.3257;185.7246;6125;220.5321;192.7647;188.7925;6905;220.0223;192.8669;188.8342;12499;214.5669;215.6812;222.4027;187;32;246;246
16.82937;221.9293;192.7712;188.7270;2531;221.4096;194.4779;190.3827;4892;220.3073;193.9143;188.4143;6059;221.0194;193.6278;188.6968;6896;220.4201;193.5172;188.6743;12499;214.7156;215.9665;222.7258;187;32;246;246
16.85039;221.9293;192.7712;188.7270;2531;221.4096;194.4779;190.3827;4892;220.3073;193.9143;188.4143;6059;221.0194;193.6278;188.6968;6896;220.4201;193.5172;188.6743;12499;214.7156;215.9665;222.7258;187;32;246;246
16.89349;222.5193;193.5473;190.6883;2538;222.1228;195.7141;192.3878;4837;218.8833;190.7007;185.3818;6040;220.3716;191.8857;187.4048;6875;219.7147;191.9499;187.6368;12453;214.1599;215.4602;222.1893;187;32;246;246
16.91584;221.7605;192.0874;189.6295;2564;221.9488;195.5692;192.2831;4821;219.0060;190.8534;185.5189;6001;220.1122;191.4116;187.0902;6818;219.7574;191.9838;187.6444;12354;214.1599;215.4602;222.1893;186;32;247;247
16.95487;222.5277;194.1446;191.4426;2524;222.4450;196.9172;193.3508;4854;218.7008;191.1421;186.3338;6144;220.0894;192.1467;188.0967;6878;219.6658;192.4723;188.2148;12472;214.6174;215.8438;222.5560;186;32;247;247
16.97558;223.0259;195.5545;192.4043;2550;222.7134;197.5548;193.8601;4881;218.8250;191.2326;186.3955;6194;220.5245;192.9059;188.6307;6989;219.9345;192.9956;188.6727;12637;214.6174;215.8438;222.5560;186;31;246;246
17.01290;221.7561;192.2300;189.6275;2526;221.6460;194.8194;191.6209;4907;220.0013;193.1461;187.9886;6146;221.0226;192.9005;188.6523;6873;220.1950;193.0208;188.7494;12664;214.1431;215.7170;222.6565;186;31;246;246
17.03483;221.7561;192.2300;189.6275;2526;221.6460;194.8194;191.6209;4907;220.0013;193.1461;187.9886;6146;221.0226;192.9005;188.6523;6873;220.1950;193.0208;188.7494;12664;214.1431;215.7170;222.6565;186;31;246;246
17.07169;223.8994;197.2044;194.3533;2525;223.3970;199.5496;196.0861;4829;218.2970;190.3430;185.4998;6199;220.4328;192.9532;188.7783;6918;219.7966;193.1607;188.9488;12632;214.3165;215.7515;222.5575;186;31;246;246
17.13362;222.1276;192.7476;189.1360;2492;221.7868;195.0739;191.2288;4790;220.6490;193.7911;188.6783;6080;221.5416;193.7081;189.0004;6786;220.6607;193.7204;189.1173;12459;214.4514;215.5910;222.4665;186;31;246;246
17.18333;222.1276;192.7476;189.1360;2492;221.7868;195.0739;191.2288;4790;220.6490;193.7911;188.6783;6080;221.5416;193.7081;189.0004;6786;220.6607;193.7204;189.1173;12459;214.4514;215.5910;222.4665;186;31;246;246
17.20253;222.1091;193.9169;191.0882;2540;221.6959;195.9860;192.6487;4851;219.0707;191.5995;186.3680;6168;220.0018;192.0359;187.6866;6831;219.6476;192.5688;188.1413;12608;214.1878;215.8962;222.6891;186;31;246;246
17.24532;222.1091;193.9169;191.0882;2540;221.6959;195.9860;192.6487;4851;219.0707;191.5995;186.3680;6168;220.0018;192.0359;187.6866;6831;219.6476;192.5688;188.1413;12608;214.1878;215.8962;222.6891;186;31;246;246
17.26773;222.6238;195.3990;190.7050;2549;222.5016;197.2890;192.3290;4799;219.1032;192.4938;187.1963;6088;220.5634;193.5900;188.4405;6883;220.1146;193.8747;188.8151;12454;214.6673;216.0874;222.7425;186;31;246;246
17.31677;222.6238;195.3990;190.7050;2549;222.5016;197.2890;192.3290;4799;219.1032;192.4938;187.1963;6088;220.5634;193.5900;188.4405;6883;220.1146;193.8747;188.8151;12454;214.6673;216.0874;222.7425;186;31;246;246
17.33684;221.5122;192.5800;189.1884;2505;221.3840;194.9897;191.0679;4742;220.2432;193.2430;188.3254;5946;220.8659;193.2478;188.8001;6800;220.2464;193.2384;188.7976;12221;214.1745;215.7543;222.5884;186;31;246;246
17.38280;221.5122;192.5800;189.1884;2505;221.3840;194.9897;191.0679;4742;220.2432;193.2430;188.3254;5946;220.8659;193.2478;188.8001;6800;220.2464;193.2384;188.7976;12221;214.1745;215.7543;222.5884;186;31;246;246
17.40460;223.4031;196.1111;194.1514;2503;223.0394;198.2150;195.2249;4772;218.5283;190.9041;186.3520;6207;220.2319;192.4946;188.9522;6826;219.8050;192.9621;189.0732;12467;214.3484;215.4603;222.3769;186;31;246;246
17.44969;221.5668;191.9873;189.3894;2514;221.3283;194.2584;191.3528;4736;221.0559;194.1513;188.7664;5954;221.3962;193.3941;189.0608;6709;220.6973;193.4410;189.0877;12223;214.6779;216.5075;223.2873;186;31;246;246
17.47183;221.5668;191.9873;189.3894;2514;221.3283;194.2584;191.3528;4736;221.0559;194.1513;188.7664;5954;221.3962;193.3941;189.0608;6709;220.6973;193.4410;189.0877;12223;214.6779;216.5075;223.2873;186;31;246;246
17.51773;222.5301;194.2917;190.8299;2492;222.2039;196.5892;192.7181;4747;218.3304;190.4382;186.0333;6066;220.0610;191.9257;187.8079;6782;219.4310;192.2301;188.1299;12358;214.1584;216.1007;222.7259;186;31;246;246
17.54014;222.4089;193.9649;190.5737;2536;222.5715;197.3820;193.3820;4775;218.7949;191.2625;186.7636;6041;220.1224;192.0473;187.9606;6808;219.5790;192.5455;188.3962;12386;214.1584;216.1007;222.7259;186;30;247;247
17.58005;222.9375;193.5285;190.8409;2577;223.0435;196.8715;193.3165;4786;218.9323;192.4178;187.2459;6075;220.4822;192.8022;188.5610;6925;220.0274;193.2650;188.8241;12419;214.5552;215.4891;222.4571;186;30;247;247
17.60158;223.2436;194.3798;191.4668;2549;223.0435;196.8715;193.3165;4786;218.9257;192.2967;187.1284;6120;220.5278;192.9195;188.5771;6921;220.0746;193.3499;188.9032;12448;214.5552;215.4891;222.4571;186;30;246;246
17.64084;221.9090;192.8952;190.0567;2538;221.5620;194.9922;191.7549;4868;220.0545;193.0234;187.8336;6112;220.8329;193.0554;188.6576;6857;220.1119;192.9464;188.6521;12614;214.0697;215.3844;222.2603;186;30;246;246
17.66153;223.7757;197.0761;193.3803;2577;223.4689;199.2783;194.8912;4873;218.2907;190.7166;186.2824;6136;220.4697;193.1280;188.9091;6889;220.1134;193.6718;189.2507;12502;214.4040;215.3943;222.2531;186;30;246;246
17.70099;223.7757;197.0761;193.3803;2577;223.4689;199.2783;194.8912;4873;218.2907;190.7166;186.2824;6136;220.4697;193.1280;188.9091;6889;220.1134;193.6718;189.2507;12502;214.4040;215.3943;222.2531;186;30;246;246
17.72520;222.3421;193.0379;189.7360;2561;222.0788;195.1710;191.3980;4794;220.8481;194.3935;189.3777;5959;221.5433;194.0374;189.5436;6836;220.9792;194.0943;189.7032;12328;214.6383;216.1088;222.9049;186;30;246;246
17.76571;222.3421;193.0379;189.7360;2561;222.0788;195.1710;191.3980;4794;220.8481;194.3935;189.3777;5959;221.5433;194.0374;189.5436;6836;220.9792;194.0943;189.7032;12328;214.6383;216.1088;222.9049;186;30;246;246
17.78957;222.9825;195.0290;191.8088;2521;222.9780;198.2387;194.5146;4868;218.3924;190.5244;185.8015;6081;220.0546;191.9500;187.6081;6902;219.7426;192.8152;188.6737;12585;214.0901;215.7149;222.4835;187;30;245;245
17.83175;222.9825;195.0290;191.8088;2521;222.9780;198.2387;194.5146;4868;218.3924;190.5244;185.8015;6081;220.0546;191.9500;187.6081;6902;219.7426;192.8152;188.6737;12585;214.0901;215.7149;222.4835;187;30;245;245
17.85491;222.9938;194.5773;191.4367;2560;222.5523;196.8256;192.9364;4840;219.3629;191.9250;187.2507;6054;220.8557;193.1428;189.0477;6917;220.2443;193.2683;188.9773;12518;214.8235;216.4096;223.0631;187;30;246;246
17.89494;222.9938;194.5773;191.4367;2560;222.5523;196.8256;192.9364;4840;219.3629;191.9250;187.2507;6054;220.8557;193.1428;189.0477;6917;220.2443;193.2683;188.9773;12518;214.8235;216.4096;223.0631;187;30;246;246
17.91541;221.4964;192.4477;189.2353;2524;221.6862;195.3693;191.5786;4872;220.3650;193.6940;188.5692;6003;220.2960;192.2518;187.8252;6852;220.4300;193.4287;189.0925;12614;214.3303;215.9399;222.8007;188;30;244;244
17.96538;223.1404;196.6907;193.0464;2564;223.2375;199.2874;194.9641;4843;219.2632;191.7223;186.0920;6042;220.1832;192.5589;187.6467;6923;220.4584;193.9228;189.0685;12549;214.3798;215.3456;222.2885;188;30;244;244
17.98668;223.2610;196.6277;192.9933;2525;223.2774;199.2547;194.9271;4817;219.1413;191.7960;186.2436;6043;220.1242;192.4915;187.6092;6899;220.3795;193.8899;189.0360;12539;214.3798;215.3456;222.2885;190;30;243;243
18.02921;221.3600;192.0462;189.0462;2511;221.0125;194.9634;191.1909;4783;221.5253;195.8184;189.9635;5980;220.9759;193.3122;188.4726;6756;220.8279;194.4540;189.7066;12432;214.4148;216.1092;223.1668;190;30;243;243
18.05101;221.4583;192.1650;189.1423;2509;221.2343;195.1421;191.3043;4814;221.4340;195.5991;189.7446;5947;221.1452;193.6338;188.8340;6778;220.8692;194.4412;189.6754;12481;214.4148;216.1092;223.1668;190;30;244;244
18.09349;222.8718;195.5382;192.4972;2488;222.9069;198.3349;194.7326;4801;219.8552;191.5921;186.3680;5948;220.4052;191.9142;187.5817;6772;220.4549;193.2967;188.9134;12509;213.7269;215.9355;222.9584;190;30;244;244
18.11383;223.0854;195.6035;192.5341;2507;223.1919;198.5457;194.8536;4788;219.5612;191.4172;186.2899;5957;220.4081;192.0340;187.7719;6879;220.3293;193.1358;188.7463;12514;213.7269;215.9355;222.9584;192;30;244;244
18.15114;221.9952;193.9303;190.4746;2497;222.1276;196.5065;192.4592;4780;220.4643;193.0431;187.8253;5942;220.5777;192.5828;188.0784;6836;220.7299;193.7105;189.1239;12534;213.5228;215.6665;222.9066;192;30;244;244
18.16885;222.2276;193.9984;190.4636;2500;222.5084;196.7932;192.6579;4811;220.3150;193.0897;187.9383;6010;220.7627;192.8751;188.3901;6876;220.8019;193.8025;189.2111;12590;213.5228;215.6665;222.9066;194;30;244;244
18.20959;221.1699;191.7967;189.0255;2396;221.0232;194.8591;191.0635;4663;219.3297;192.5466;187.0635;5924;219.6841;191.6580;187.1648;6746;219.4870;192.4719;187.9041;12301;212.9719;215.9635;223.2299;194;30;244;244
18.23069;221.3144;191.7993;188.9723;2417;221.2746;195.0201;191.2033;4683;219.0625;192.2259;186.8286;5932;219.5801;191.6735;187.2440;6869;219.3580;192.2785;187.7510;12329;212.9719;215.9635;223.2299;196;30;244;244
18.27123;222.6170;195.4675;192.5576;2475;222.8670;198.5724;194.4540;4738;217.7197;190.6917;185.4791;5926;219.0902;191.8457;187.5151;6839;219.2076;192.8812;188.3121;12440;213.8538;217.3915;224.4348;196;30;244;244
18.33363;220.4526;191.1683;188.6916;2448;221.3338;194.8123;191.1985;4725;219.3009;193.5738;188.5076;5833;219.6417;192.4709;188.5375;6785;219.5572;193.1819;188.7783;12222;214.1027;219.1222;226.0482;198;30;244;244
18.38058;220.4526;191.1683;188.6916;2448;221.3338;194.8123;191.1985;4725;219.3009;193.5738;188.5076;5833;219.6417;192.4709;188.5375;6785;219.5572;193.1819;188.7783;12222;214.1027;219.1222;226.0482;198;30;244;244
18.40313;221.3384;194.6119;191.9584;2355;222.2817;198.3509;194.5541;4483;216.8897;190.6502;185.4886;5921;218.0081;191.3978;187.1123;6644;218.3431;192.5709;188.0645;11932;213.8570;219.0956;226.0661;199;30;243;243
18.44694;221.3384;194.6119;191.9584;2355;222.2817;198.3509;194.5541;4483;216.8897;190.6502;185.4886;5921;218.0081;191.3978;187.1123;6644;218.3431;192.5709;188.0645;11932;213.8570;219.0956;226.0661;199;30;243;243
18.46935;220.0940;191.9749;188.9745;2350;220.9386;195.9705;192.2258;4544;218.0610;193.2271;188.0327;5848;218.7263;192.7112;188.3536;6624;218.8021;193.5395;189.0372;11939;214.3373;219.0123;226.0538;200;30;242;242
18.51230;220.0940;191.9749;188.9745;2350;220.9386;195.9705;192.2258;4544;218.0610;193.2271;188.0327;5848;218.7263;192.7112;188.3536;6624;218.8021;193.5395;189.0372;11939;214.3373;219.0123;226.0538;200;30;242;242
18.53446;218.6195;189.6930;187.0639;2394;220.0201;194.5169;190.7433;4628;217.3228;192.2732;186.9044;5849;217.8140;191.3030;187.0518;6656;217.8754;192.2286;187.5201;12036;214.1821;218.8331;225.7610;200;30;242;242
18.57181;218.6195;189.6930;187.0639;2394;220.0201;194.5169;190.7433;4628;217.3228;192.2732;186.9044;5849;217.8140;191.3030;187.0518;6656;217.8754;192.2286;187.5201;12036;214.1821;218.8331;225.7610;200;30;242;242
18.59457;221.4406;194.5221;191.3901;2356;222.4170;198.2941;194.6701;4532;217.5984;191.9522;186.3993;5881;219.0835;192.9189;188.2709;6597;219.0663;193.6506;188.9218;12024;214.3725;218.1561;225.1758;200;29;242;242
18.63292;218.9118;189.3722;187.5120;2324;219.4224;193.4049;190.4693;4517;220.3417;196.2341;190.7932;5947;219.8841;193.8814;189.5608;6628;219.7031;194.3445;189.9282;11972;213.6443;217.8576;225.0541;200;29;242;242
18.65527;219.6492;190.7646;188.5510;2332;220.2361;194.6528;191.4629;4545;220.7511;196.6801;191.1237;5958;220.4950;194.8547;190.2991;6657;220.2255;195.0302;190.4991;12136;213.6443;217.8576;225.0541;199;28;242;242
18.69400;221.0645;192.0327;189.0734;2358;221.4216;196.3681;192.4507;4580;219.2020;192.8970;188.2028;5980;219.7366;192.4580;188.2845;6720;219.7064;193.4243;189.1733;12161;213.4978;217.9248;225.0361;199;28;242;242
18.71134;221.7186;193.1875;190.0554;2363;222.3063;197.6300;193.4592;4584;219.4377;193.2211;188.4753;6102;220.1785;193.1245;188.8591;6769;220.1965;194.0921;189.6979;12142;213.4978;217.9248;225.0361;199;27;241;241
18.74982;219.7190;189.4580;187.3357;2395;220.9695;194.5544;191.0499;4486;220.6717;195.6456;190.2180;5973;220.2135;193.3242;189.0271;6688;220.3318;194.2223;189.7264;11903;213.8794;218.2621;225.3628;199;27;241;241
18.76957;221.1221;191.6085;189.0882;2391;221.4471;195.3653;191.6965;4511;220.9339;196.0940;190.5960;5874;220.8262;194.2013;189.7415;6755;220.8107;194.9305;190.3302;11994;213.8794;218.2621;225.3628;199;26;240;240
18.81359;220.6381;191.3953;189.0375;2426;221.6558;195.6891;192.3379;4555;219.7772;194.1572;189.1390;5929;219.7540;192.7796;188.7398;6875;220.0410;193.8227;189.5412;12015;213.1819;217.1525;224.4741;199;26;240;240
18.86177;223.8757;197.7877;193.9894;2365;224.0449;200.2538;196.0262;4547;218.6976;193.3854;188.0508;5903;220.3065;194.6131;189.8382;6720;220.2175;194.9935;190.1514;12057;213.1572;216.5420;223.8878;199;25;240;240
18.90098;223.8757;197.7877;193.9894;2365;224.0449;200.2538;196.0262;4547;218.6976;193.3854;188.0508;5903;220.3065;194.6131;189.8382;6720;220.2175;194.9935;190.1514;12057;213.1572;216.5420;223.8878;199;25;240;240
18.92559;222.6242;193.6487;189.8150;2411;222.8181;197.0087;192.9042;4595;220.6626;195.5284;190.6258;5927;221.2953;194.7249;190.2716;6800;220.9666;195.1073;190.6330;12116;213.0735;216.8542;224.1497;199;25;240;240
18.96582;222.6242;193.6487;189.8150;2411;222.8181;197.0087;192.9042;4595;220.6626;195.5284;190.6258;5927;221.2953;194.7249;190.2716;6800;220.9666;195.1073;190.6330;12116;213.0735;216.8542;224.1497;199;25;240;240
18.98968;223.8181;198.2152;194.9561;2435;224.3463;201.3763;196.9864;4637;218.9321;192.9268;187.8223;6022;220.4883;194.3192;189.8470;6838;220.3036;195.0547;190.4709;12276;212.9758;217.0482;224.2854;199;25;240;240
19.03017;223.8181;198.2152;194.9561;2435;224.3463;201.3763;196.9864;4637;218.9321;192.9268;187.8223;6022;220.4883;194.3192;189.8470;6838;220.3036;195.0547;190.4709;12276;212.9758;217.0482;224.2854;199;25;240;240
19.05302;222.1460;194.7117;191.1985;2459;221.9773;197.0218;193.2144;4669;221.2167;195.4634;189.8759;6027;221.4705;194.8655;190.0338;6857;220.8994;195.0243;190.3064;12370;213.2322;216.8471;224.0314;199;26;239;239
19.09340;222.1460;194.7117;191.1985;2459;221.9773;197.0218;193.2144;4669;221.2167;195.4634;189.8759;6027;221.4705;194.8655;190.0338;6857;220.8994;195.0243;190.3064;12370;213.2322;216.8471;224.0314;199;26;239;239
19.11224;222.7698;195.3590;191.0613;2446;222.9933;198.1556;193.7932;4614;219.8325;193.3041;188.4480;6120;220.6441;193.3143;188.6684;6881;220.4061;194.1339;189.6126;12431;213.1814;217.2125;224.5052;200;26;239;239
19.17659;224.1311;198.3623;194.4688;2487;224.1192;200.5576;196.0207;4740;219.5903;193.5064;187.9304;6134;220.7148;194.2365;189.2438;6939;220.7849;195.2820;190.3102;12629;213.6596;217.2200;224.5137;200;26;239;239
19.19674;224.0583;197.9617;194.1663;2454;224.0381;200.2194;195.7464;4672;219.5175;193.3611;187.7809;6093;220.5690;193.9425;189.0117;6858;220.7366;195.1277;190.1773;12561;213.6596;217.2200;224.5137;200;27;239;239
19.25868;222.8551;194.3346;191.1921;2394;222.5546;196.8998;193.0604;4623;221.5548;195.8599;190.6598;6044;221.8483;194.7702;190.2987;6763;221.2833;195.1508;190.6854;12477;213.6253;217.5487;224.7440;200;27;239;239
19.28014;222.7838;193.8775;190.8763;2368;222.4180;196.4865;192.7531;4569;221.4672;195.5695;190.3990;6058;221.8488;194.5096;190.1054;6633;221.2931;195.0483;190.6056;12216;213.6253;217.5487;224.7440;200;28;238;238
19.31807;224.0818;198.1840;194.6560;2407;224.1838;200.7880;196.3064;4651;219.8918;192.9336;187.7105;6248;221.0737;193.9140;189.3061;6672;220.9558;195.1225;190.3495;12472;213.6185;217.6477;224.8335;200;28;238;238
19.34173;224.0818;198.1840;194.6560;2407;224.1838;200.7880;196.3064;4651;219.8918;192.9336;187.7105;6248;221.0737;193.9140;189.3061;6672;220.9558;195.1225;190.3495;12472;213.6185;217.6477;224.8335;200;28;238;238
19.38092;222.3542;195.7940;191.1945;2442;221.9068;197.6054;192.6428;4678;221.4465;195.6751;189.7865;6132;221.7366;195.2934;189.8635;6705;221.1228;195.7567;190.4354;12400;214.0285;217.7877;225.0290;200;28;238;238
19.40547;222.2777;195.2664;190.8464;2402;222.2715;198.1481;193.0133;4660;221.5488;195.9826;190.0894;6166;221.6921;195.0450;189.6962;6602;221.2212;195.8495;190.4633;12358;214.0285;217.7877;225.0290;201;29;237;237
19.44502;222.7595;195.4313;192.4147;2416;222.8469;198.4093;194.3523;4652;219.7770;193.8882;188.4228;6350;220.6574;193.5145;188.7762;6670;220.4201;194.7927;189.9651;12564;213.7711;217.9976;225.0081;201;29;237;237
19.46783;222.6806;194.8843;191.9736;2386;222.8521;198.0964;194.1059;4625;219.7498;193.7097;188.2306;6196;220.2597;192.8082;188.1774;6701;220.2278;194.4317;189.6519;12623;213.7711;217.9976;225.0081;202;30;236;236
19.50678;224.3823;198.6576;194.8170;2383;224.5001;201.1885;196.5736;4669;219.5751;193.6219;187.9435;6056;221.0114;194.5630;189.4738;6598;220.9087;195.7519;190.5868;12497;214.4568;218.4662;225.4152;202;30;236;236
19.53380;223.1915;194.5497;190.7458;2376;223.2578;197.6387;192.9145;4597;221.3934;195.5093;189.8389;5928;221.9053;194.3126;189.4727;6609;221.4112;195.3973;190.2819;12252;214.0486;217.6889;224.9065;202;31;236;236
19.57389;223.1915;194.5497;190.7458;2376;223.2578;197.6387;192.9145;4597;221.3934;195.5093;189.8389;5928;221.9053;194.3126;189.4727;6609;221.4112;195.3973;190.2819;12252;214.0486;217.6889;224.9065;202;31;236;236
19.59428;225.1848;197.8610;194.8071;2338;225.3436;200.9553;196.9771;4493;219.1221;192.5677;187.2140;5994;220.8697;193.6989;189.2201;6625;220.9624;194.9514;190.1945;12170;214.1795;218.7909;225.7976;202;32;236;236
19.63446;225.1848;197.8610;194.8071;2338;225.3436;200.9553;196.9771;4493;219.1221;192.5677;187.2140;5994;220.8697;193.6989;189.2201;6625;220.9624;194.9514;190.1945;12170;214.1795;218.7909;225.7976;202;32;236;236
19.65780;222.5672;194.9115;191.6202;2338;222.7580;198.1264;193.6962;4509;220.3713;195.1978;189.5454;5977;221.2981;194.9931;190.2394;6633;220.9422;195.7438;190.5823;12126;214.4129;218.6883;225.5536;202;32;236;236
19.69693;222.5672;194.9115;191.6202;2338;222.7580;198.1264;193.6962;4509;220.3713;195.1978;189.5454;5977;221.2981;194.9931;190.2394;6633;220.9422;195.7438;190.5823;12126;214.4129;218.6883;225.5536;202;32;236;236
19.71614;222.9639;194.6734;190.8616;2413;223.5225;198.2953;193.8507;4582;219.4050;193.1265;187.6276;6104;220.6805;193.1698;188.3650;6701;220.4209;194.2042;189.3149;12238;213.8164;217.7509;224.7651;201;32;237;237
19.76119;222.9639;194.6734;190.8616;2413;223.5225;198.2953;193.8507;4582;219.4050;193.1265;187.6276;6104;220.6805;193.1698;188.3650;6701;220.4209;194.2042;189.3149;12238;213.8164;217.7509;224.7651;201;32;237;237
19.78015;224.6385;198.3810;194.2338;2412;224.4075;200.3753;195.4999;4655;218.6595;192.7789;187.5912;6132;220.8152;194.6896;189.9218;6776;220.4799;195.0391;190.0973;12231;214.1854;218.2577;225.1951;200;32;238;238
19.82145;222.6467;195.3694;191.3812;2474;222.6566;197.5008;193.2999;4645;220.4251;195.3032;189.3407;6085;221.3673;195.2220;189.9922;6833;220.8739;195.4968;190.3414;12115;213.9646;218.3892;225.5269;200;32;238;238
19.84294;222.5656;195.3434;191.3678;2493;222.4079;197.2503;193.1051;4614;220.6717;195.6519;189.6177;6009;221.3326;195.1439;189.9119;6913;220.6856;195.1819;190.0418;12212;213.9646;218.3892;225.5269;199;32;239;239
19.88558;224.4664;198.0278;194.7281;2442;224.3997;200.2423;196.0815;4601;217.9367;191.7695;186.5799;6030;220.0728;193.5605;189.0705;6923;219.7947;193.9369;189.1559;12214;213.6979;217.3772;224.4203;199;32;239;239
19.90717;224.2764;197.6534;194.4171;2496;224.5115;200.4157;196.2041;4645;217.9453;191.7272;186.4670;5979;220.0482;193.5149;189.0514;6947;220.0451;194.2647;189.4328;12183;213.6979;217.3772;224.4203;198;32;240;240
19.94951;221.3574;193.6179;189.8971;2507;221.9166;196.2795;192.1096;4701;220.8704;195.3850;190.0008;5943;220.9512;194.3834;189.6926;6867;220.6694;194.7372;189.8252;12310;213.9351;217.8451;224.9452;198;32;240;240
19.97241;220.8454;192.7796;189.2320;2509;221.6708;196.0845;191.9618;4684;220.7356;195.1235;189.7288;6111;220.6795;193.9599;189.3365;6787;220.6445;194.7376;189.8154;12313;213.9351;217.8451;224.9452;197;32;241;241
20.01153;222.0116;194.4299;190.5714;2424;222.8064;198.1132;193.7132;4655;218.4715;192.2963;186.5481;6106;219.6067;192.9660;187.9770;6792;219.6387;193.5794;188.4927;12390;213.5646;218.1545;225.1748;197;32;241;241
20.06191;223.3728;196.9163;192.7660;2449;223.1670;199.2924;194.5299;4665;219.3751;193.4319;187.9064;5932;220.7087;194.1237;189.2525;6808;220.1796;194.7518;189.5843;12259;213.9687;217.7005;224.7035;198;32;240;240
20.10123;223.3728;196.9163;192.7660;2449;223.1670;199.2924;194.5299;4665;219.3751;193.4319;187.9064;5932;220.7087;194.1237;189.2525;6808;220.1796;194.7518;189.5843;12259;213.9687;217.7005;224.7035;198;32;240;240
20.12526;221.9808;193.9624;190.7735;2450;222.1021;196.7378;192.5551;4615;221.1576;195.6720;189.9155;5952;221.1481;194.5003;189.7958;6840;220.7274;194.8950;189.9101;12309;213.7470;217.7298;224.8544;198;32;240;240
20.16743;221.9808;193.9624;190.7735;2450;222.1021;196.7378;192.5551;4615;221.1576;195.6720;189.9155;5952;221.1481;194.5003;189.7958;6840;220.7274;194.8950;189.9101;12309;213.7470;217.7298;224.8544;198;32;240;240
20.18954;224.9615;198.2844;195.0683;2444;225.1996;201.0653;196.8283;4594;219.3308;192.6392;187.0490;6000;221.2047;194.2621;189.6779;6887;220.9012;194.8083;189.8143;12324;213.7750;217.4212;224.5176;198;32;240;240
20.22864;224.9615;198.2844;195.0683;2444;225.1996;201.0653;196.8283;4594;219.3308;192.6392;187.0490;6000;221.2047;194.2621;189.6779;6887;220.9012;194.8083;189.8143;12324;213.7750;217.4212;224.5176;198;32;240;240
20.25288;221.9909;194.1502;190.1741;2516;222.3199;197.0964;192.7614;4774;220.8817;195.6500;190.4301;6034;221.2835;195.0563;190.3092;6770;221.0354;195.5096;190.6774;12336;214.1775;217.9625;224.9778;198;32;241;241
20.29172;221.9909;194.1502;190.1741;2516;222.3199;197.0964;192.7614;4774;220.8817;195.6500;190.4301;6034;221.2835;195.0563;190.3092;6770;221.0354;195.5096;190.6774;12336;214.1775;217.9625;224.9778;198;32;241;241
20.31126;223.0668;195.7003;191.9883;2486;223.5888;199.1688;194.3088;4764;219.1440;192.7297;187.2194;6071;220.5278;193.8031;188.9751;6878;220.1892;194.2289;189.1026;12519;213.8533;218.1133;225.0068;198;32;242;242
20.36567;223.3176;196.8345;192.5901;2525;223.7843;200.2090;195.1493;4841;219.7443;193.8500;188.3693;5987;221.2100;195.1616;190.1306;6844;220.6426;195.2678;190.1630;12451;214.4019;218.4779;225.4288;198;32;242;242
20.38635;223.3176;196.8345;192.5901;2525;223.5451;199.8699;194.8892;4764;219.9228;194.0301;188.4966;6039;221.2100;195.1616;190.1306;6844;220.8869;195.5246;190.4123;12373;214.4019;218.4779;225.4288;198;32;241;241
20.42956;223.1234;195.0061;191.5336;2455;223.0118;198.0107;193.7768;4654;220.7674;194.8014;189.2935;6092;221.5611;194.8825;190.1508;6835;221.1002;195.0937;190.2789;12310;214.1260;218.2140;225.3726;198;32;241;241
20.45076;223.1234;195.0061;191.5336;2455;223.0118;198.0107;193.7768;4654;220.7674;194.8014;189.2935;6092;221.5611;194.8825;190.1508;6835;221.1002;195.0937;190.2789;12310;214.1260;218.2140;225.3726;198;32;241;241
20.49365;224.7423;198.8681;194.3436;2456;225.1359;201.9143;196.7938;4679;218.6307;191.8873;187.1561;6209;221.0356;194.6257;189.8627;6797;220.6771;194.9950;190.3077;12441;214.0948;217.9716;224.9571;198;32;241;241
20.51443;225.1524;199.2894;194.5836;2519;225.0740;201.4428;196.4405;4715;218.6166;191.8844;187.1435;6014;221.1127;194.6409;189.8490;6901;220.5442;194.6537;190.0022;12390;214.0948;217.9716;224.9571;199;33;240;240
20.55184;222.7366;194.5358;190.4360;2475;223.0212;197.5967;192.8529;4718;220.2266;195.3448;189.9786;5897;221.1062;194.9580;190.0345;6839;220.6484;195.0898;190.1700;12346;213.9875;217.1581;224.4131;199;33;240;240
20.57190;222.2873;193.6948;189.8631;2461;222.6577;197.2205;192.5224;4671;220.1221;195.0660;189.7178;6060;220.8694;194.5322;189.6965;6748;220.4868;194.8150;189.9240;12207;213.9875;217.1581;224.4131;198;33;241;241
20.61245;223.3890;196.1823;192.3915;2447;223.8801;199.6916;195.0891;4637;218.3316;192.2592;187.0106;6161;220.2650;193.7501;189.0925;6819;219.8459;194.1368;189.2586;12229;213.6676;217.2718;224.4854;198;33;241;241
20.63342;223.3890;196.1823;192.3915;2447;223.8801;199.6916;195.0891;4637;218.3316;192.2592;187.0106;6161;220.2650;193.7501;189.0925;6819;219.8459;194.1368;189.2586;12229;213.6676;217.2718;224.4854;198;33;241;241
20.67016;223.8185;197.0450;193.0667;2490;224.1522;199.8681;195.3790;4723;219.5565;193.5660;187.8967;6041;221.1548;194.7841;189.7808;6775;220.6858;195.0486;189.8632;12248;214.1904;217.3481;224.4432;198;33;241;241
20.73387;222.9931;195.0069;190.2677;2447;223.0070;197.8340;192.7308;4688;219.7592;194.2945;188.9028;6072;221.0553;194.6006;189.4363;6743;220.5561;194.8770;189.6875;12115;214.0654;218.3271;225.2421;198;33;241;241
20.77247;222.9931;195.0069;190.2677;2447;223.0070;197.8340;192.7308;4688;219.7592;194.2945;188.9028;6072;221.0553;194.6006;189.4363;6743;220.5561;194.8770;189.6875;12115;214.0654;218.3271;225.2421;198;33;241;241
20.79049;224.7194;198.3573;194.2253;2477;225.1538;201.1170;196.3793;4674;218.6823;192.2426;187.0460;5915;221.1121;194.6149;189.7619;6795;220.5849;194.7390;189.8035;12237;214.6121;218.5006;225.4032;198;34;240;240
20.82973;224.7194;198.3573;194.2253;2477;225.1538;201.1170;196.3793;4674;218.6823;192.2426;187.0460;5915;221.1121;194.6149;189.7619;6795;220.5849;194.7390;189.8035;12237;214.6121;218.5006;225.4032;198;34;240;240
20.84917;222.3884;194.4580;190.3019;2441;222.6083;197.2044;192.3905;4761;220.6997;195.7256;190.1345;5875;221.3316;195.3690;190.2671;6794;220.8981;195.3795;190.2254;12194;214.9853;219.1226;225.8803;198;34;240;240
20.88809;222.3884;194.4580;190.3019;2441;222.6083;197.2044;192.3905;4761;220.6997;195.7256;190.1345;5875;221.3316;195.3690;190.2671;6794;220.8981;195.3795;190.2254;12194;214.9853;219.1226;225.8803;198;34;240;240
20.90950;223.9083;196.5135;192.3556;2399;223.9847;199.4606;194.5427;4627;218.6986;192.5772;187.4013;5757;220.5385;193.9918;189.2136;6726;220.1641;194.2838;189.2278;12005;214.6056;218.5672;225.3326;198;34;240;240
20.94991;223.9083;196.5135;192.3556;2399;223.9847;199.4606;194.5427;4627;218.6986;192.5772;187.4013;5757;220.5385;193.9918;189.2136;6726;220.1641;194.2838;189.2278;12005;214.6056;218.5672;225.3326;198;34;240;240
20.97373;224.2475;196.7166;192.6423;2368;223.9531;199.0266;194.5261;4543;219.3824;193.7518;188.0054;5746;221.2589;194.9421;189.7662;6702;220.5587;194.8675;189.6624;11890;214.7750;218.4330;225.2390;198;34;240;240
21.02353;222.1367;193.6467;190.0357;2406;221.8905;196.0412;191.8828;4658;220.0227;194.2490;189.0459;5772;220.9669;194.1747;189.5706;6702;220.1797;194.0695;189.3419;12028;214.4349;218.3087;225.1024;198;34;240;240
21.04305;222.3153;194.0936;190.3830;2350;221.6529;195.6993;191.5826;4590;220.1744;194.4698;189.2329;5843;221.0096;194.2828;189.6373;6684;220.0224;193.8531;189.1410;11995;214.4349;218.3087;225.1024;199;34;239;239
21.08729;224.7665;198.6603;194.4370;2343;224.3596;200.0372;195.5667;4549;218.5544;191.9792;186.4273;5855;220.5405;193.9747;188.8570;6722;220.0253;193.9144;188.9044;12003;214.2795;217.2969;224.4167;199;34;239;239
21.11051;224.7437;198.3228;194.1824;2407;224.6741;200.4150;195.8992;4612;218.4206;191.8343;186.3360;5780;220.4554;193.8804;188.8131;6754;220.2159;194.2247;189.1988;12045;214.2795;217.2969;224.4167;199;34;240;240
21.15347;222.3949;193.0991;189.5162;2431;222.5427;195.9310;191.5660;4710;221.2163;195.4982;190.4493;5793;221.6102;194.5932;190.0781;6713;221.1135;194.6772;190.0167;12105;214.5565;218.0312;224.8821;199;34;240;240
21.17404;222.7753;193.9600;190.1783;2474;222.9310;196.7293;192.2633;4724;221.3832;195.7626;190.6627;5796;221.9660;195.1626;190.5373;6788;221.4169;195.2284;190.4955;12209;214.5565;218.0312;224.8821;199;33;240;240
21.21753;224.5669;196.8798;193.1441;2429;224.7058;199.7501;195.2337;4690;219.4989;192.6555;186.9592;5907;221.2208;193.9943;188.9627;6803;220.7444;194.2315;189.1590;12244;214.5889;218.2125;225.1004;199;33;240;240
21.26448;223.6485;196.2461;192.2486;2458;223.3174;198.1174;193.7348;4763;220.3697;194.1391;188.6364;6023;221.5569;194.9457;189.9249;6908;220.7642;194.4929;189.6739;12378;215.0908;218.8081;225.6329;199;34;239;239
21.30401;223.6485;196.2461;192.2486;2458;223.3174;198.1174;193.7348;4763;220.3697;194.1391;188.6364;6023;221.5569;194.9457;189.9249;6908;220.7642;194.4929;189.6739;12378;215.0908;218.8081;225.6329;199;34;239;239
21.32548;223.2543;194.9678;191.8358;2454;223.2733;197.7823;193.6271;4690;220.4005;194.1486;189.1855;6010;221.3831;194.3238;189.9659;6957;220.9477;194.6134;190.0805;12379;214.8874;218.5126;225.3081;198;34;240;240
21.36462;223.2543;194.9678;191.8358;2454;223.2733;197.7823;193.6271;4690;220.4005;194.1486;189.1855;6010;221.3831;194.3238;189.9659;6957;220.9477;194.6134;190.0805;12379;214.8874;218.5126;225.3081;198;34;240;240
21.38964;224.9258;199.6891;194.9665;2506;225.5592;202.0490;197.2020;4753;219.3526;193.1188;187.4729;5984;221.3603;195.2522;189.8642;6964;221.1384;195.5213;190.3995;12374;214.8969;217.9930;224.9053;197;34;240;240
21.42830;224.9258;199.6891;194.9665;2506;225.5592;202.0490;197.2020;4753;219.3526;193.1188;187.4729;5984;221.3603;195.2522;189.8642;6964;221.1384;195.5213;190.3995;12374;214.8969;217.9930;224.9053;197;34;240;240
21.45355;223.3722;195.5984;191.7666;2485;223.5092;198.0959;193.9294;4786;221.5817;196.4299;190.4267;5962;222.1888;196.0173;190.7649;6898;221.6587;196.0209;190.9867;12424;215.2010;219.1748;225.9985;196;34;240;240
21.49255;223.3722;195.5984;191.7666;2485;223.5092;198.0959;193.9294;4786;221.5817;196.4299;190.4267;5962;222.1888;196.0173;190.7649;6898;221.6587;196.0209;190.9867;12424;215.2010;219.1748;225.9985;196;34;240;240
21.51262;224.0796;196.7013;193.1651;2501;224.4708;200.1529;195.7276;4743;219.2421;193.0312;187.9186;6191;220.9003;194.1449;189.5507;6873;220.5816;194.6815;189.9065;12477;214.4903;217.5744;224.6524;195;34;241;241
21.56537;223.9436;196.4369;192.0903;2447;223.8495;199.2669;194.2004;4770;220.2539;194.2908;188.9480;6076;221.6177;195.0883;190.1424;6842;221.1966;195.5473;190.3718;12367;215.0649;218.7852;225.5314;195;34;241;241
21.58692;223.8735;196.3712;192.0214;2427;223.6893;198.8346;193.8670;4715;220.2693;194.3205;188.9597;5912;221.4947;194.7951;189.8507;6843;221.0313;195.1971;190.0762;12254;215.0649;218.7852;225.5314;195;35;240;240
21.62951;223.2299;194.6910;190.7198;2427;222.8354;197.1169;192.9521;4678;220.5958;194.5873;189.1833;5920;221.4799;194.3134;189.5484;6754;220.7600;194.3915;189.5397;12252;214.8059;218.9885;225.7839;195;35;240;240
21.65030;223.2885;195.0775;191.0461;2388;222.4481;196.6210;192.5800;4586;220.7092;194.6653;189.2091;5960;221.4906;194.3731;189.5407;6765;220.6890;194.2676;189.4299;12223;214.8059;218.9885;225.7839;195;35;239;239
21.69331;225.0408;199.1887;194.9672;2379;225.1633;200.8958;196.5072;4588;218.7931;192.2504;186.3961;5955;220.9059;194.3598;188.9770;6793;220.7585;194.8540;189.7082;12184;214.6176;217.7591;224.7545;195;35;239;239
21.71490;224.8524;198.6137;194.5407;2358;224.8967;200.2746;196.0553;4560;218.6334;191.9443;186.1344;5974;220.7069;194.0034;188.6540;6700;220.7855;194.7659;189.6563;11954;214.6176;217.7591;224.7545;195;36;238;238
21.75365;222.9029;194.6357;190.8392;2369;222.4046;196.2921;192.0079;4563;221.7674;195.4841;189.9056;6048;222.1515;195.0326;190.0817;6649;221.6476;195.3087;190.2641;12016;214.8184;218.5334;225.3322;195;36;238;238
21.77570;222.8362;194.6305;190.8287;2387;222.3317;196.3001;192.0118;4592;222.0241;195.8922;190.2392;5986;222.1269;194.9673;190.0052;6731;221.5851;195.1841;190.1472;12136;214.8184;218.5334;225.3322;194;36;239;239
21.81299;224.2063;196.5590;192.7554;2424;223.7228;198.5272;194.3360;4640;219.4009;192.8698;187.1482;6081;220.7408;193.4783;188.3021;6828;220.3686;193.8837;188.9335;12308;214.6209;218.0437;224.7748;194;36;239;239
21.83030;224.0061;196.0154;192.2904;2469;223.9523;198.7804;194.5453;4676;219.1563;192.5882;186.8913;5962;220.7330;193.5254;188.3951;6869;220.4361;193.9776;189.0202;12306;214.6209;218.0437;224.7748;194;36;240;240
21.86762;223.6027;196.4133;192.1902;2376;223.0469;198.2157;193.3836;4627;220.5155;194.6214;189.2189;6006;221.4568;194.7313;189.7547;6756;221.0033;195.1851;190.1750;12267;215.2173;219.1453;225.8284;194;36;240;240
21.93433;222.4424;194.1686;190.5606;2378;221.9069;195.8388;191.8011;4660;219.8727;193.4433;187.6870;5984;220.4877;193.1986;188.1079;6711;220.3429;193.8110;188.8657;12250;214.7486;218.3386;225.3459;194;36;239;239
21.98273;222.4424;194.1686;190.5606;2378;221.9069;195.8388;191.8011;4660;219.8727;193.4433;187.6870;5984;220.4877;193.1986;188.1079;6711;220.3429;193.8110;188.8657;12250;214.7486;218.3386;225.3459;194;36;239;239
22.00463;224.5357;198.0403;194.0158;2408;223.8296;199.3655;195.1809;4637;218.7973;191.8231;186.4060;5946;220.7672;193.5957;188.6026;6663;220.5421;194.5128;189.5664;12099;214.9758;218.7047;225.4828;195;36;238;238
22.04515;224.5357;198.0403;194.0158;2408;223.8296;199.3655;195.1809;4637;218.7973;191.8231;186.4060;5946;220.7672;193.5957;188.6026;6663;220.5421;194.5128;189.5664;12099;214.9758;218.7047;225.4828;195;36;238;238
22.06801;222.1375;193.4989;189.6765;2371;221.9885;195.7337;191.1818;4593;221.2574;195.4764;190.0730;5902;221.2483;194.3394;189.4461;6617;221.2319;195.0553;190.1064;11912;214.6925;218.0503;225.0374;196;36;238;238
22.10889;222.1375;193.4989;189.6765;2371;221.9885;195.7337;191.1818;4593;221.2574;195.4764;190.0730;5902;221.2483;194.3394;189.4461;6617;221.2319;195.0553;190.1064;11912;214.6925;218.0503;225.0374;196;36;238;238
22.13047;223.8984;196.7483;192.6068;2312;223.7338;198.5490;194.0786;4477;219.1572;191.6428;186.1515;5787;220.7120;193.2928;188.2185;6507;220.6960;193.8760;188.9280;11754;214.6155;218.3377;225.2673;196;36;238;238
22.17211;223.8984;196.7483;192.6068;2312;223.7338;198.5490;194.0786;4477;219.1572;191.6428;186.1515;5787;220.7120;193.2928;188.2185;6507;220.6960;193.8760;188.9280;11754;214.6155;218.3377;225.2673;196;36;238;238
22.19324;222.9396;194.7341;191.1599;2283;222.9154;197.4466;193.1541;4420;220.4596;194.2362;188.8575;5936;221.2528;193.9932;189.2437;6464;221.2012;195.0416;190.1685;11832;215.0877;218.8723;225.6930;197;36;237;237
22.23806;221.4618;192.6868;188.9397;2356;221.8295;195.9559;191.8001;4487;219.5951;192.8092;187.5054;5807;220.1817;192.3933;187.6426;6534;220.2905;193.6313;188.8605;11797;214.5622;218.0090;225.0359;197;36;237;237
22.26003;221.5188;192.6665;188.9167;2342;221.9811;196.0370;191.8535;4486;219.3263;192.4735;187.2780;5856;220.2296;192.4918;187.7742;6550;220.2347;193.5549;188.7933;11778;214.5622;218.0090;225.0359;198;36;237;237
22.30245;224.7536;197.7170;193.7912;2265;224.7249;200.0478;195.7300;4434;219.0250;192.2193;186.7790;5883;220.7874;193.7578;188.8077;6457;220.9535;194.6088;189.6442;11758;214.7977;218.1631;225.1077;198;36;237;237
22.32670;224.9027;197.7847;193.8419;2271;224.8913;200.1776;195.8014;4442;219.0615;192.2918;186.8465;5785;220.7478;193.6338;188.7048;6500;220.9724;194.5819;189.6105;11793;214.7977;218.1631;225.1077;199;36;236;236
22.38146;221.5048;192.0427;188.8770;2391;222.0055;195.4338;191.5976;4525;221.2151;194.9942;189.8165;5816;221.2874;193.7816;189.2503;6681;220.9881;194.3940;189.7959;12058;214.5127;218.2708;225.2508;199;36;236;236
22.40207;221.5048;192.0427;188.8770;2391;222.0055;195.4338;191.5976;4525;221.2151;194.9942;189.8165;5816;221.2874;193.7816;189.2503;6681;220.9881;194.3940;189.7959;12058;214.5127;218.2708;225.2508;199;36;236;236
22.43962;223.7940;196.1469;192.1302;2335;224.4217;199.6399;194.7539;4510;218.3867;191.5797;186.4386;5837;220.1608;192.9741;188.2694;6649;220.2109;193.8208;188.9148;12013;214.6033;217.9792;224.8420;199;36;236;236
22.46139;222.9637;194.3514;190.6094;2368;222.8681;197.4372;192.8134;4497;220.4704;194.4661;189.2007;5799;221.1142;193.9995;189.3308;6593;221.0448;194.8106;189.8805;11864;214.8941;218.4238;225.3705;199;36;236;236
22.50090;222.9637;194.3514;190.6094;2368;222.8681;197.4372;192.8134;4497;220.4704;194.4661;189.2007;5799;221.1142;193.9995;189.3308;6593;221.0448;194.8106;189.8805;11864;214.8941;218.4238;225.3705;199;36;236;236
22.52522;222.5574;194.2267;189.8716;2289;223.1802;197.5923;192.6843;4435;219.2751;192.6949;187.2856;5848;220.4102;192.9178;187.7859;6482;220.4403;194.0562;188.8544;11760;214.4480;218.6020;225.5130;198;36;237;237
22.56591;222.5574;194.2267;189.8716;2289;223.1802;197.5923;192.6843;4435;219.2751;192.6949;187.2856;5848;220.4102;192.9178;187.7859;6482;220.4403;194.0562;188.8544;11760;214.4480;218.6020;225.5130;198;36;237;237
22.58934;224.3951;198.0577;194.4202;2306;224.1632;200.3716;196.0854;4424;218.5482;192.1935;186.4303;5907;220.6016;194.0537;188.9916;6541;220.4969;194.8189;189.6489;11781;214.8181;218.3860;225.2295;198;36;237;237
22.62834;224.3951;198.0577;194.4202;2306;224.1632;200.3716;196.0854;4424;218.5482;192.1935;186.4303;5907;220.6016;194.0537;188.9916;6541;220.4969;194.8189;189.6489;11781;214.8181;218.3860;225.2295;198;36;237;237
22.65354;222.0261;193.1959;188.8370;2374;221.6265;195.2719;190.3577;4565;220.6552;194.7302;189.0987;5856;221.2958;194.2652;189.1627;6541;220.7210;194.4178;189.0665;11830;214.6854;218.7703;225.5706;198;36;238;238
22.69349;222.0261;193.1959;188.8370;2374;221.6265;195.2719;190.3577;4565;220.6552;194.7302;189.0987;5856;221.2958;194.2652;189.1627;6541;220.7210;194.4178;189.0665;11830;214.6854;218.7703;225.5706;198;36;238;238
22.71549;223.4198;196.5227;192.2611;2382;223.1475;197.9785;193.6966;4611;218.1028;191.3289;185.5918;5902;219.9272;193.0712;187.8490;6647;219.8303;193.3493;188.3147;11945;214.2595;217.4804;224.6820;198;36;238;238
22.76562;222.7318;194.5070;191.0465;2345;221.9604;195.7893;192.1469;4546;219.8841;194.0937;188.3696;5901;221.0758;194.4352;189.4645;6622;220.6031;194.4212;189.5558;11799;214.6551;218.0008;225.0668;198;36;238;238
22.78665;222.7318;194.5070;191.0465;2345;221.9604;195.7893;192.1469;4546;219.9130;194.2181;188.5089;5850;221.0362;194.4078;189.4573;6656;220.2469;193.9529;189.1500;11873;214.6551;218.0008;225.0668;198;36;239;239
22.82960;222.4937;193.2789;190.4810;2370;221.8395;195.0660;191.8057;4592;218.7903;192.4938;186.9914;5814;219.9716;192.5811;188.0690;6756;219.4568;192.4932;188.0094;11947;214.1388;218.0016;225.1861;198;36;239;239
22.85115;222.7322;193.9870;191.0456;2390;222.2774;195.9226;192.5322;4615;218.8620;192.6216;187.1024;5861;220.1535;192.9057;188.3392;6774;219.8080;193.1076;188.5556;12086;214.1388;218.0016;225.1861;198;35;239;239
22.89323;224.5555;197.2684;193.9009;2351;223.3629;198.0465;194.1443;4663;218.7670;191.9910;186.9023;5863;220.7034;193.7845;189.2469;6743;220.1588;193.5870;189.0822;12113;214.4654;218.0153;225.0855;198;35;239;239
22.91433;224.5555;197.2684;193.9009;2351;223.3629;198.0465;194.1443;4663;218.7670;191.9910;186.9023;5863;220.7034;193.7845;189.2469;6743;220.1588;193.5870;189.0822;12113;214.4654;218.0153;225.0855;198;35;239;239
22.95156;222.0275;192.9241;189.9729;2399;221.5087;194.6653;191.3227;4655;220.4694;194.6522;189.1315;5856;221.1717;194.1373;189.5271;6750;220.2443;193.7334;189.0492;12093;214.6421;218.7715;225.7248;198;35;239;239
22.97307;221.9001;192.5751;189.6694;2483;222.0065;195.2861;191.8528;4757;220.3488;194.5254;189.0441;5811;221.0356;194.0146;189.4747;6794;220.3831;193.9393;189.2502;12106;214.6421;218.7715;225.7248;198;35;240;240
23.01304;224.3058;197.3270;193.2871;2407;224.5674;199.9659;195.4236;4632;218.2132;191.3278;186.0396;5811;220.4482;193.4068;188.5437;6724;220.3299;194.1090;189.1627;12007;214.2729;217.6899;224.9031;198;35;240;240
23.03427;223.9813;196.6826;192.7498;2410;224.3058;199.7222;195.2128;4601;218.1597;191.1369;185.8473;5954;220.4742;193.4280;188.5608;6656;220.1821;193.8924;188.9708;11952;214.2729;217.6899;224.9031;197;35;241;241
23.07074;222.2871;192.9505;189.6728;2442;222.1949;195.7447;191.9007;4735;219.7331;194.6292;188.5143;5923;220.5783;193.9623;188.9058;6685;220.2549;194.1017;189.0629;12077;214.4600;218.1585;225.2071;197;35;241;241
23.13397;222.7670;193.4969;190.2934;2403;222.8347;196.4209;192.7986;4628;218.7537;192.2470;187.0107;5793;220.0187;192.5606;188.0553;6727;219.8639;193.0080;188.5345;12055;214.0774;218.1717;225.2735;197;35;240;240
23.17675;222.7670;193.4969;190.2934;2403;222.8347;196.4209;192.7986;4628;218.7537;192.2470;187.0107;5793;220.0187;192.5606;188.0553;6727;219.8639;193.0080;188.5345;12055;214.0774;218.1717;225.2735;197;35;240;240
23.19851;224.8382;197.5867;194.0266;2330;224.1310;198.8336;195.2938;4466;219.1552;192.6967;187.2947;5833;221.0094;194.3158;189.5380;6688;220.7069;194.3670;189.7494;11924;214.4731;218.1957;225.1984;198;35;239;239
23.24423;224.8382;197.5867;194.0266;2330;224.1310;198.8336;195.2938;4466;219.1552;192.6967;187.2947;5833;221.0094;194.3158;189.5380;6688;220.7069;194.3670;189.7494;11924;214.4731;218.1957;225.1984;198;35;239;239
23.26643;221.3461;193.6312;188.9176;2378;220.8354;195.0271;190.0369;4610;220.8391;195.0573;189.7956;5965;220.9923;194.5685;189.4567;6753;220.3688;194.3147;189.2460;12002;214.5780;218.7843;225.7132;198;35;238;238
23.30973;221.3461;193.6312;188.9176;2378;220.8354;195.0271;190.0369;4610;220.8391;195.0573;189.7956;5965;220.9923;194.5685;189.4567;6753;220.3688;194.3147;189.2460;12002;214.5780;218.7843;225.7132;198;35;238;238
23.33129;224.5778;197.5672;193.7122;2255;224.6130;200.5746;195.8942;4377;218.6846;192.7012;187.4862;5967;220.5539;194.0719;189.2826;6579;220.3843;194.6755;189.7344;11765;214.3227;217.9423;224.8978;199;35;237;237
23.37291;224.5778;197.5672;193.7122;2255;224.6130;200.5746;195.8942;4377;218.6846;192.7012;187.4862;5967;220.5539;194.0719;189.2826;6579;220.3843;194.6755;189.7344;11765;214.3227;217.9423;224.8978;199;35;237;237
23.39467;222.2000;194.3251;190.7632;2335;222.6982;197.6987;193.3040;4414;220.7672;196.1349;189.8026;5923;221.2656;195.4784;190.0216;6660;221.2427;196.1209;190.6834;11791;214.6194;218.2363;225.1860;199;34;237;237
23.43159;222.7905;193.7239;190.9017;2329;223.1949;197.5869;193.6459;4490;219.5243;193.3678;188.1899;6014;220.6764;193.2049;188.8645;6589;220.5571;194.1703;189.6568;11935;214.0813;217.9338;225.0510;199;34;237;237
23.45207;222.7905;193.7239;190.9017;2329;223.1949;197.5869;193.6459;4490;219.7053;193.5068;188.2632;5931;220.6664;193.0920;188.7439;6631;220.5796;194.1596;189.6365;11985;214.0813;217.9338;225.0510;199;34;236;236
23.48990;223.8297;196.5918;193.0548;2337;224.2278;199.5106;195.4515;4430;219.5730;193.9493;187.3791;5935;220.8332;194.2468;188.8387;6620;220.9582;195.1589;189.6635;11935;214.7220;218.5671;225.4244;199;34;236;236
23.50791;223.7523;196.6066;193.0803;2354;224.0261;199.3174;195.3001;4405;219.7814;194.1924;187.5627;5925;220.9127;194.3703;188.9283;6622;220.9660;195.1495;189.6658;11933;214.7220;218.5671;225.4244;198;34;236;236
23.54942;222.5799;193.4796;189.8763;2304;222.7452;196.9502;192.2091;4442;220.7123;195.3965;189.5085;5798;220.9219;193.9712;188.9787;6558;221.0315;195.0302;189.6877;11824;214.4078;218.2428;225.3606;198;34;236;236
23.56997;222.5799;193.4796;189.8763;2304;222.7452;196.9502;192.2091;4442;220.7123;195.3965;189.5085;5798;220.9219;193.9712;188.9787;6558;221.0315;195.0302;189.6877;11824;214.4078;218.2428;225.3606;198;34;236;236
23.61151;223.7931;196.5453;192.8727;2349;224.5895;200.1575;195.5766;4502;219.4267;193.1277;187.2041;5836;220.6555;193.7976;188.5779;6610;220.8807;194.8458;189.6406;11960;214.4578;217.8160;224.7416;198;34;236;236
23.66171;222.8382;193.4768;190.5689;2280;223.1331;196.8713;192.9652;4374;221.4575;195.9478;190.4362;5727;221.7140;194.5721;190.1304;6443;221.5629;195.3148;190.5306;11826;214.6294;218.6484;225.6125;198;34;236;236
23.70071;222.8382;193.4768;190.5689;2280;223.1331;196.8713;192.9652;4374;221.4575;195.9478;190.4362;5727;221.7140;194.5721;190.1304;6443;221.5629;195.3148;190.5306;11826;214.6294;218.6484;225.6125;198;34;236;236
23.72530;222.9996;194.0210;191.5291;2334;223.4135;197.6997;193.7636;4496;219.0460;192.9788;187.6443;5892;220.0000;192.7429;188.4493;6617;220.4079;194.0260;189.3234;11966;214.2607;218.1875;225.2298;199;34;236;236
23.76587;222.9996;194.0210;191.5291;2334;223.4135;197.6997;193.7636;4496;219.0460;192.9788;187.6443;5892;220.0000;192.7429;188.4493;6617;220.4079;194.0260;189.3234;11966;214.2607;218.1875;225.2298;199;34;236;236
23.78966;223.5144;196.6935;193.4218;2333;224.0624;199.8255;195.5442;4458;219.7610;193.9547;188.9307;5832;220.9133;194.4840;190.0774;6632;221.0367;195.5072;190.9034;11976;214.7037;218.2345;225.2291;199;33;236;236
23.83025;223.5144;196.6935;193.4218;2333;224.0624;199.8255;195.5442;4458;219.7610;193.9547;188.9307;5832;220.9133;194.4840;190.0774;6632;221.0367;195.5072;190.9034;11976;214.7037;218.2345;225.2291;199;33;236;236
23.85339;222.5458;194.3204;190.7607;2294;222.7508;197.6342;193.0275;4470;220.9864;195.6222;190.5648;5797;221.1977;194.5917;190.2535;6549;221.0904;195.2668;190.5543;11962;214.4491;218.5911;225.4666;199;33;236;236
23.89296;222.5458;194.3204;190.7607;2294;222.7508;197.6342;193.0275;4470;220.9864;195.6222;190.5648;5797;221.1977;194.5917;190.2535;6549;221.0904;195.2668;190.5543;11962;214.4491;218.5911;225.4666;199;33;236;236
23.91310;224.7864;197.9854;194.1197;2397;225.0778;201.0411;196.4413;4496;219.0823;192.8746;187.0598;5891;220.9105;194.2983;189.1970;6702;220.8710;195.0508;189.8643;11979;214.5367;218.4529;225.3568;200;33;236;236
23.96566;222.2998;193.9122;190.1595;2358;223.2294;197.9026;193.0367;4499;221.5098;196.3818;190.8491;5751;221.6942;195.2637;190.2909;6573;221.7340;196.1127;191.0417;11818;214.5950;218.6153;225.5681;200;33;236;236
23.98726;222.2998;193.9122;190.1595;2358;223.2294;197.9026;193.0367;4499;221.5098;196.3818;190.8491;5751;221.6942;195.2637;190.2909;6573;221.7340;196.1127;191.0417;11818;214.5950;218.6153;225.5681;200;33;236;236
24.02957;223.4646;196.5943;192.9622;2275;224.0454;200.0185;195.4833;4428;219.2646;193.0152;187.7052;5859;220.6360;193.8179;189.1960;6536;220.5944;194.7879;189.8181;11872;214.1571;218.0457;225.0756;200;33;236;236
24.04950;223.4646;196.5943;192.9622;2275;224.0454;200.0185;195.4833;4428;219.2646;193.0152;187.7052;5859;220.6360;193.8179;189.1960;6536;220.5944;194.7879;189.8181;11872;214.1571;218.0457;225.0756;200;33;236;236
24.09372;223.2293;196.6880;192.3240;2324;223.6479;199.6265;194.7409;4439;219.5869;193.9023;188.3945;5883;220.6042;194.4117;189.3603;6614;220.7341;195.2292;190.0924;11925;214.4905;218.3680;225.4185;200;33;236;236
24.11676;223.2293;196.6880;192.3240;2324;223.6479;199.6265;194.7409;4439;219.5869;193.9023;188.3945;5883;220.6042;194.4117;189.3603;6614;220.7341;195.2292;190.0924;11925;214.4905;218.3680;225.4185;200;33;236;236
24.15535;223.0600;193.9029;191.2945;2234;223.2091;197.1894;193.3532;4372;220.2340;194.4743;189.0602;5884;221.1152;193.8646;189.3856;6527;220.8447;194.6634;189.8423;11810;214.3993;218.8814;225.8497;200;33;236;236
24.17695;223.0600;193.9029;191.2945;2234;223.2091;197.1894;193.3532;4372;220.2340;194.4743;189.0602;5884;221.1152;193.8646;189.3856;6527;220.8447;194.6634;189.8423;11810;214.3993;218.8814;225.8497;200;33;236;236
24.21436;224.5002;197.7064;194.8040;2275;224.8976;200.8518;196.8082;4365;219.0564;192.7352;187.3402;5740;220.5425;193.9400;189.3576;6498;220.9147;194.8891;190.1920;11671;214.5078;218.5018;225.5542;200;33;236;236
24.23511;224.3784;197.6216;194.7673;2265;224.7782;200.7663;196.7281;4351;219.1283;192.7743;187.3468;5813;220.5540;193.9997;189.4205;6504;220.9550;195.0152;190.2955;11669;214.5078;218.5018;225.5542;200;33;235;235
24.27210;221.9001;193.3871;189.7827;2333;222.0458;196.7192;192.1143;4452;221.5323;195.9041;190.4749;5905;221.5937;194.8075;190.1119;6603;221.3282;195.4793;190.4932;11904;214.2067;217.3062;224.4819;200;33;235;235
24.33390;222.7179;194.6515;191.9259;2336;223.1863;198.1814;194.4954;4487;219.2707;192.8703;187.2476;5821;220.1596;192.9689;188.4480;6554;220.2478;194.0083;189.3691;11860;214.2924;218.4093;225.5406;200;33;235;235
24.37691;222.7179;194.6515;191.9259;2336;223.1863;198.1814;194.4954;4487;219.2707;192.8703;187.2476;5821;220.1596;192.9689;188.4480;6554;220.2478;194.0083;189.3691;11860;214.2924;218.4093;225.5406;200;33;235;235
24.39879;223.3040;195.7114;192.3027;2342;223.1764;198.2740;194.2940;4398;219.9350;194.4431;189.0965;5935;220.8608;194.5633;189.8027;6636;220.8480;195.1266;190.4950;11891;214.7395;218.2217;225.0802;200;33;235;235
24.44099;223.3040;195.7114;192.3027;2342;223.1764;198.2740;194.2940;4398;219.9350;194.4431;189.0965;5935;220.8608;194.5633;189.8027;6636;220.8480;195.1266;190.4950;11891;214.7395;218.2217;225.0802;200;33;235;235
24.46128;222.2868;193.6152;190.2224;2266;222.2386;196.3567;192.1396;4371;220.4255;194.4157;189.3606;5715;220.9708;193.7164;189.3651;6399;220.6961;194.3304;189.6757;11645;214.4282;218.5967;225.6104;201;34;234;234
24.50389;222.2868;193.6152;190.2224;2266;222.2386;196.3567;192.1396;4371;220.4255;194.4157;189.3606;5715;220.9708;193.7164;189.3651;6399;220.6961;194.3304;189.6757;11645;214.4282;218.5967;225.6104;201;34;234;234
24.52536;224.1071;197.1400;193.4557;2315;224.3670;199.6383;195.3258;4371;218.9659;192.5252;187.4884;5924;220.5343;193.5154;188.9311;6543;220.6212;194.3962;189.7688;11791;214.3906;217.8709;224.9151;202;34;233;233
24.56584;224.1071;197.1400;193.4557;2315;224.3670;199.6383;195.3258;4371;218.9659;192.5252;187.4884;5924;220.5343;193.5154;188.9311;6543;220.6212;194.3962;189.7688;11791;214.3906;217.8709;224.9151;202;34;233;233
24.58666;222.5171;193.7002;191.2115;2218;222.4489;196.5313;192.9096;4237;221.2127;196.1497;190.7096;5820;221.5962;194.8913;190.6211;6384;221.2498;195.5516;190.9336;11720;214.6520;218.7418;225.6071;202;34;232;232
24.62391;223.8760;196.2184;192.9723;2202;224.3026;199.2500;195.1271;4224;219.1214;193.0111;187.4542;5740;220.5315;193.6995;188.7830;6363;220.6033;194.4995;189.7023;11514;214.3446;218.4216;225.3322;202;34;232;232
24.64434;223.8760;196.2184;192.9723;2202;224.3026;199.2500;195.1271;4224;219.1214;193.0111;187.4542;5740;220.5315;193.6995;188.7830;6363;220.6033;194.4995;189.7023;11514;214.3446;218.4216;225.3322;202;34;232;232
24.68564;223.5179;195.5312;191.9447;2259;223.5684;198.1602;193.9954;4351;220.3788;194.8348;189.6161;5824;221.3494;194.5298;189.8932;6402;221.0977;195.2324;190.5137;11791;214.9136;219.0152;225.7977;202;34;232;232
24.70814;223.3741;195.0918;191.5770;2331;223.3576;197.7630;193.6634;4418;220.2335;194.6664;189.5009;5935;221.2273;194.3364;189.7431;6551;221.0331;195.1009;190.4097;11858;214.9136;219.0152;225.7977;202;34;233;233
24.74972;222.4403;193.9371;190.0950;2305;222.7189;196.7788;192.2816;4318;219.9511;194.3956;189.1194;5956;220.5741;193.7293;189.0647;6568;220.4932;194.3258;189.4542;11780;214.1768;217.5984;224.8829;202;34;233;233
24.77229;222.4403;193.9371;190.0950;2305;222.7189;196.7788;192.2816;4318;219.9511;194.3956;189.1194;5956;220.5741;193.7293;189.0647;6568;220.4932;194.3258;189.4542;11780;214.1768;217.5984;224.8829;202;34;233;233
24.81353;224.1984;197.1410;193.5527;2354;224.5751;199.9696;195.5769;4349;219.1853;192.7834;187.4042;5937;220.7667;193.8653;189.2713;6632;220.7452;194.5880;189.7017;11909;214.6755;218.3003;225.3156;202;34;233;233
24.86133;222.0118;193.0915;190.2261;2295;222.2794;196.4402;192.2952;4434;221.5791;196.7178;190.9975;5928;221.7155;195.2557;190.6238;6632;221.2320;195.5123;190.5219;11922;214.6035;218.1780;225.2657;201;33;235;235
24.90555;222.0118;193.0915;190.2261;2295;222.2794;196.4402;192.2952;4434;221.5791;196.7178;190.9975;5928;221.7155;195.2557;190.6238;6632;221.2320;195.5123;190.5219;11922;214.6035;218.1780;225.2657;201;33;235;235
24.92601;223.8213;196.1676;192.1911;2255;224.0569;199.3639;194.4797;4394;219.2020;192.9226;187.6315;5881;220.6147;193.8399;189.0161;6571;220.8321;194.7538;189.7174;11777;214.4918;218.6873;225.6311;201;33;235;235
24.96987;223.8213;196.1676;192.1911;2255;224.0569;199.3639;194.4797;4394;219.2020;192.9226;187.6315;5881;220.6147;193.8399;189.0161;6571;220.8321;194.7538;189.7174;11777;214.4918;218.6873;225.6311;201;33;235;235
24.98994;222.6232;194.6823;191.4443;2298;222.8664;197.7621;193.6719;4431;220.6077;194.8659;189.3391;5945;221.3447;194.6735;189.8186;6641;221.0029;195.2243;190.3780;11969;214.9698;219.0270;225.9130;200;33;235;235
25.03367;222.6232;194.6823;191.4443;2298;222.8664;197.7621;193.6719;4431;220.6077;194.8659;189.3391;5945;221.3447;194.6735;189.8186;6641;221.0029;195.2243;190.3780;11969;214.9698;219.0270;225.9130;200;33;235;235
25.05408;222.8304;193.6405;190.9740;2270;223.4052;197.1495;193.5242;4395;220.2872;194.7044;189.3768;5812;220.9367;193.9093;189.5988;6571;221.0754;194.8069;190.2951;11825;214.5900;218.2934;225.3345;200;33;236;236
25.09842;222.8304;193.6405;190.9740;2270;223.4052;197.1495;193.5242;4395;220.2872;194.7044;189.3768;5812;220.9367;193.9093;189.5988;6571;221.0754;194.8069;190.2951;11825;214.5900;218.2934;225.3345;200;33;236;236
25.11972;224.6829;197.4869;194.3205;2337;224.6780;200.4325;196.2862;4550;218.6649;192.6459;187.1860;5894;220.5478;194.1692;189.5418;6654;220.6501;194.8139;189.9500;11971;214.8134;218.5293;225.3584;200;33;236;236
25.16548;222.0595;193.6139;189.8637;2318;222.6865;197.2459;192.6713;4558;221.1013;196.0920;190.4591;5794;221.4956;195.1650;190.1651;6552;221.1310;195.4977;190.3852;11992;214.7359;218.6746;225.6482;200;33;236;236
25.18727;221.6181;192.7899;189.2313;2304;221.8612;195.9614;191.6780;4481;221.0560;195.8972;190.2532;5857;221.3388;194.8779;189.9429;6538;220.8377;195.0279;190.0013;11810;214.7359;218.6746;225.6482;200;34;235;235
25.22949;223.3429;195.7654;192.7528;2310;223.8145;198.9225;194.9346;4479;218.7812;192.7042;187.4664;5973;220.2258;193.3578;189.0886;6651;220.1587;194.1460;189.4233;11934;214.4459;218.8705;225.5011;200;34;235;235
25.25181;223.3429;195.7654;192.7528;2310;223.8145;198.9225;194.9346;4479;218.7812;192.7042;187.4664;5973;220.2258;193.3578;189.0886;6651;220.1587;194.1460;189.4233;11934;214.4459;218.8705;225.5011;200;34;235;235
25.29347;223.1550;195.6278;191.2812;2297;222.8838;198.2683;193.0087;4390;220.1593;194.7654;188.7933;5887;221.1431;194.9253;189.5249;6584;220.6558;195.1448;189.6041;11753;215.0702;219.4957;226.0489;200;34;235;235
25.31454;223.2297;196.0201;191.5113;2294;222.8838;198.2683;193.0087;4390;220.2833;194.9556;188.9306;5839;221.1691;194.9529;189.4090;6458;220.8797;195.4918;189.9363;11825;215.0702;219.4957;226.0489;200;34;234;234
25.35154;222.3470;193.9940;190.2928;2343;222.8203;197.0166;192.8158;4446;220.0555;193.9866;188.6116;5837;220.6209;193.4835;188.7646;6542;220.5895;194.2105;189.3888;11877;214.1856;218.4235;225.3074;200;34;234;234
25.37072;222.3470;193.9940;190.2928;2343;222.6318;196.7270;192.5995;4384;220.2587;194.2713;188.8150;5930;220.6542;193.4230;188.6652;6562;220.6397;194.2667;189.4319;11884;214.1856;218.4235;225.3074;200;34;233;233
25.41083;224.5492;198.3750;194.7718;2296;224.5491;200.6492;196.2017;4358;219.1091;192.9284;187.5086;5905;220.8618;194.2055;189.3581;6471;220.7503;195.0793;190.1806;11790;214.5116;218.7952;225.5145;200;34;233;233
25.43041;224.5492;198.3750;194.7718;2296;224.6699;200.8291;196.3412;4405;219.0082;192.8251;187.4402;5848;220.8170;194.3228;189.4801;6463;220.7206;195.0639;190.1624;11784;214.5116;218.7952;225.5145;200;34;234;234
25.46737;221.9692;194.0393;190.1119;2341;222.1515;196.6504;192.0577;4508;220.9993;196.1534;190.5587;5814;221.2081;195.1149;189.9894;6502;221.0045;195.4832;190.4701;11874;214.6126;219.1299;225.8376;200;34;234;234
25.53485;224.2134;196.8888;193.0081;2338;224.1920;199.5980;194.9366;4463;218.9806;192.9695;186.5648;5830;220.5521;193.7553;188.2781;6544;220.4442;194.5710;189.0291;11874;214.3285;218.9051;225.5386;200;34;234;234
25.58030;224.2134;196.8888;193.0081;2338;224.1920;199.5980;194.9366;4463;218.9806;192.9695;186.5648;5830;220.5521;193.7553;188.2781;6544;220.4442;194.5710;189.0291;11874;214.3285;218.9051;225.5386;200;34;234;234
25.60177;222.9527;196.2928;191.6498;2370;223.1507;198.4297;193.1184;4452;220.5835;194.9602;189.1390;5822;221.3557;195.2102;189.6978;6584;221.0594;195.3930;189.9095;11829;214.6082;217.8565;224.7551;201;34;234;234
25.64509;222.9527;196.2928;191.6498;2370;223.1507;198.4297;193.1184;4452;220.5835;194.9602;189.1390;5822;221.3557;195.2102;189.6978;6584;221.0594;195.3930;189.9095;11829;214.6082;217.8565;224.7551;201;34;234;234
25.66524;222.5678;194.7433;191.2087;2353;222.6198;197.1010;192.8286;4516;220.1489;193.7439;187.3281;5821;221.0380;193.7853;188.4269;6531;220.6574;194.1278;188.6831;11958;214.3922;218.5178;225.2333;201;34;234;234
25.70991;222.5678;194.7433;191.2087;2353;222.6198;197.1010;192.8286;4516;220.1489;193.7439;187.3281;5821;221.0380;193.7853;188.4269;6531;220.6574;194.1278;188.6831;11958;214.3922;218.5178;225.2333;201;34;234;234
25.73228;224.2614;198.1369;193.8801;2360;224.4916;200.3743;195.2082;4491;219.1858;192.5168;186.9046;5795;220.7553;194.1977;189.0773;6555;220.7786;194.7540;189.4027;11764;214.9118;218.8400;225.6362;202;35;234;234
25.77212;224.2614;198.1369;193.8801;2360;224.4916;200.3743;195.2082;4491;219.1858;192.5168;186.9046;5795;220.7553;194.1977;189.0773;6555;220.7786;194.7540;189.4027;11764;214.9118;218.8400;225.6362;202;35;234;234
25.79471;221.9303;192.9195;189.6347;2324;222.2086;195.9091;191.6472;4501;221.0707;195.2245;189.6502;5769;221.3045;194.4493;189.7744;6610;220.9504;194.6627;189.6298;11752;214.7741;219.1178;225.7728;202;35;235;235
25.83828;223.8499;195.6884;193.0774;2352;223.9483;198.9202;195.0793;4487;218.8125;192.0150;186.7620;5942;220.6759;193.3248;189.0039;6693;220.3375;193.8690;189.2995;11969;214.5052;218.7359;225.5786;202;35;235;235
25.86016;224.1583;196.4204;193.6927;2369;224.4180;199.8398;195.8037;4569;218.7260;191.9319;186.7176;6010;220.8343;193.7097;189.3321;6694;220.5282;194.2439;189.6078;12059;214.5052;218.7359;225.5786;201;34;237;237
25.90175;222.9609;194.9805;191.1932;2355;222.7424;197.9265;193.1990;4487;220.2279;194.4977;188.7902;5997;221.1605;194.5884;189.6309;6654;220.7864;195.0349;189.7865;11972;214.9998;219.0848;225.7138;201;34;237;237
25.92463;222.9609;194.9805;191.1932;2355;222.7424;197.9265;193.1990;4487;220.4283;194.7024;188.9353;5903;221.0590;194.3500;189.3857;6666;220.8434;195.0411;189.7874;12034;214.9998;219.0848;225.7138;201;34;236;236
25.96813;222.3112;193.5537;189.4595;2346;222.7743;196.9468;192.4811;4533;219.6436;193.0053;187.7990;5825;220.3736;192.7757;188.1158;6633;220.3603;193.6001;188.7573;11946;214.5001;219.0544;225.6332;201;34;236;236
25.99075;222.3112;193.5537;189.4595;2346;222.7743;196.9468;192.4811;4533;219.6436;193.0053;187.7990;5825;220.3736;192.7757;188.1158;6633;220.3603;193.6001;188.7573;11946;214.5001;219.0544;225.6332;201;34;236;236
26.03267;224.5731;197.8737;193.7253;2352;224.8443;200.5507;195.9615;4471;218.8138;192.1457;186.2982;5908;220.6797;193.8366;188.6240;6647;220.6656;194.4727;189.3786;11994;215.1210;219.5265;226.0408;201;34;236;236
26.06113;222.2586;193.6572;190.0323;2351;222.2939;196.7311;192.3848;4566;220.8606;195.3661;189.2720;5802;221.3612;194.6493;189.3903;6616;220.9289;195.0430;189.8008;11985;214.8718;219.1860;225.8493;201;34;236;236
26.10735;222.2586;193.6572;190.0323;2351;222.2939;196.7311;192.3848;4566;220.8606;195.3661;189.2720;5802;221.3612;194.6493;189.3903;6616;220.9289;195.0430;189.8008;11985;214.8718;219.1860;225.8493;201;34;236;236
26.12503;224.4874;197.1613;193.2185;2343;224.7610;200.3950;195.5522;4511;218.7303;192.2795;186.4979;6078;220.8670;194.1084;188.8568;6713;220.6534;194.5401;189.3262;12028;214.5204;218.3933;225.0981;201;34;237;237
26.16894;224.4874;197.1613;193.2185;2343;224.7610;200.3950;195.5522;4511;218.7303;192.2795;186.4979;6078;220.8670;194.1084;188.8568;6713;220.6534;194.5401;189.3262;12028;214.5204;218.3933;225.0981;201;34;237;237
26.18973;223.3355;195.4524;190.9987;2310;223.6104;198.2070;193.2809;4464;220.5796;195.1696;189.5126;5825;221.3984;195.0866;189.8349;6591;221.0873;195.1331;189.9119;11974;215.0124;219.3235;225.9446;201;34;236;236
26.23592;223.3355;195.4524;190.9987;2310;223.6104;198.2070;193.2809;4464;220.5796;195.1696;189.5126;5825;221.3984;195.0866;189.8349;6591;221.0873;195.1331;189.9119;11974;215.0124;219.3235;225.9446;201;34;236;236
26.25612;222.8134;194.5123;190.7740;2358;222.9288;197.5213;193.1447;4581;219.4269;192.8797;187.6754;5828;220.5105;193.3130;188.6180;6662;220.4158;193.9373;189.1745;12014;214.3702;218.0781;224.8548;201;34;236;236
26.29981;222.8134;194.5123;190.7740;2358;222.9288;197.5213;193.1447;4581;219.4269;192.8797;187.6754;5828;220.5105;193.3130;188.6180;6662;220.4158;193.9373;189.1745;12014;214.3702;218.0781;224.8548;201;34;236;236
26.32282;225.1680;198.1284;193.6429;2274;224.7749;200.3814;195.6635;4371;219.2004;192.5811;187.0998;5899;221.2451;194.4951;189.5527;6582;220.9158;194.8211;189.6813;11747;215.0552;219.5716;226.0697;202;35;235;235
26.36586;222.5968;193.8189;190.0419;2314;222.7786;196.8483;192.2527;4409;220.9422;195.4594;189.7261;5879;221.4786;195.0705;189.9118;6692;221.1872;195.1604;190.0160;11755;214.7025;218.8573;225.7111;202;35;235;235
26.38760;222.6841;193.8016;190.0148;2298;223.1009;197.1858;192.5061;4462;220.7986;195.4051;189.7063;5818;221.3703;194.7909;189.6552;6603;221.2387;195.1458;189.9942;11816;214.7025;218.8573;225.7111;202;35;236;236
26.43109;224.2232;195.8359;192.4201;2383;224.6131;199.5315;195.2709;4596;218.3517;191.8331;186.1212;5818;220.4785;193.3136;188.2524;6664;220.2749;193.8589;188.8993;12005;214.7406;219.7435;226.0847;202;35;236;236
26.45319;224.2232;195.8359;192.4201;2383;224.6131;199.5315;195.2709;4596;218.3517;191.8331;186.1212;5818;220.4785;193.3136;188.2524;6664;220.2749;193.8589;188.8993;12005;214.7406;219.7435;226.0847;202;35;236;236
26.49467;223.4017;194.3321;190.6866;2355;223.3624;196.9860;192.8595;4490;220.0544;194.7780;188.8907;5866;221.2250;194.8802;189.7015;6751;220.9005;194.6646;189.6010;11927;214.9742;219.3807;226.0371;202;35;236;236
26.51591;223.4017;194.3321;190.6866;2355;223.3624;196.9860;192.8595;4490;220.0544;194.7780;188.8907;5866;221.2250;194.8802;189.7015;6751;220.9005;194.6646;189.6010;11927;214.9742;219.3807;226.0371;202;35;236;236
26.55852;222.2516;193.4784;189.6815;2389;223.0153;197.0978;192.2501;4562;218.8354;191.9616;187.0300;5862;220.0441;192.4600;187.9902;6759;219.9158;193.0005;188.1193;12000;214.3170;218.6575;225.4191;202;35;236;236
26.58078;221.6255;192.4261;188.8726;2347;222.1134;195.7097;191.1510;4489;218.8709;191.9655;187.0190;5886;219.8115;192.0859;187.6970;6717;219.5792;192.4910;187.7124;11863;214.3170;218.6575;225.4191;202;36;235;235
26.62407;223.6444;197.1862;192.7328;2320;223.6409;199.6465;194.8360;4469;218.7510;192.1260;186.8579;5927;220.3467;193.6424;188.7153;6628;220.3169;194.3452;189.3623;11767;214.9178;218.7899;225.5938;202;36;235;235
26.64605;223.7176;197.1880;192.7375;2309;223.9109;199.9092;195.0471;4503;218.1711;191.4357;186.3037;5898;220.1825;193.4580;188.5703;6544;220.1710;194.1654;189.1994;11849;214.9178;218.7899;225.5938;202;36;237;237
26.68984;222.2373;192.5259;189.7105;2318;222.8484;196.3543;192.2313;4440;220.1483;194.1930;188.7787;5892;221.0555;193.7991;189.3179;6487;220.8384;194.2823;189.4969;11724;214.9105;219.3698;226.0238;202;36;237;237
26.73360;224.4848;196.9190;192.9138;2308;225.0219;200.3673;195.3274;4389;217.8904;190.6098;185.6539;5941;220.4548;193.1597;188.3913;6537;220.3832;193.7388;188.7153;11768;214.8381;219.3791;225.9281;202;36;237;237
26.78164;224.4848;196.9190;192.9138;2308;225.0219;200.3673;195.3274;4389;217.8904;190.6098;185.6539;5941;220.4548;193.1597;188.3913;6537;220.3832;193.7388;188.7153;11768;214.8381;219.3791;225.9281;202;36;237;237
26.80342;222.4874;193.5369;190.0130;2306;222.3874;196.6156;192.1637;4448;220.2607;194.5240;188.3965;5655;221.0023;194.3286;188.9698;6525;220.7367;194.5284;189.2406;11738;214.9907;218.7027;225.4189;202;36;236;236
26.84679;222.4874;193.5369;190.0130;2306;222.3874;196.6156;192.1637;4448;220.2607;194.5240;188.3965;5655;221.0023;194.3286;188.9698;6525;220.7367;194.5284;189.2406;11738;214.9907;218.7027;225.4189;202;36;236;236
26.86842;221.7841;193.0616;189.1103;2321;222.3891;196.7706;192.0540;4408;219.4411;192.2376;187.2579;5828;220.2240;192.3832;187.8536;6625;219.9469;192.9491;188.1637;11736;214.6560;219.4561;226.0816;203;36;235;235
26.91135;221.7841;193.0616;189.1103;2321;222.3891;196.7706;192.0540;4408;219.4411;192.2376;187.2579;5828;220.2240;192.3832;187.8536;6625;219.9469;192.9491;188.1637;11736;214.6560;219.4561;226.0816;203;36;235;235
26.93269;224.3890;197.2163;193.1384;2247;224.2413;199.2973;194.7617;4326;219.4932;192.9902;187.0728;5716;220.9791;193.9899;188.8073;6451;220.7549;194.3851;189.1424;11552;215.1042;219.0836;225.8872;203;36;235;235
26.97563;224.3890;197.2163;193.1384;2247;224.2413;199.2973;194.7617;4326;219.4932;192.9902;187.0728;5716;220.9791;193.9899;188.8073;6451;220.7549;194.3851;189.1424;11552;215.1042;219.0836;225.8872;203;36;235;235
26.99771;223.1477;194.0111;190.5489;2261;222.7836;196.1172;192.1300;4386;220.7100;195.1968;189.4458;5783;221.5410;194.6992;189.7215;6470;221.1924;194.7585;189.8371;11675;214.8668;219.3552;226.0176;203;36;234;234
27.04052;223.8138;196.5769;193.3984;2342;223.8986;198.7518;194.9511;4456;218.6922;192.1873;186.5149;5900;220.6261;193.6726;188.9154;6572;220.3561;193.8847;189.0322;11865;214.7505;219.0673;225.6552;203;36;234;234
27.06470;223.8138;196.5769;193.3984;2342;223.8986;198.7518;194.9511;4456;218.6922;192.1873;186.5149;5900;220.6261;193.6726;188.9154;6572;220.3561;193.8847;189.0322;11865;214.7505;219.0673;225.6552;203;36;234;234
27.10726;223.1657;193.9050;190.3791;2263;223.4839;196.4452;192.4221;4286;220.3633;195.2661;189.6088;5803;221.2595;194.6650;189.5891;6466;221.2172;194.9780;190.0642;11571;214.9404;219.2876;225.9319;203;36;234;234
27.12959;223.1192;193.9264;190.4001;2282;223.6789;197.1365;192.9043;4285;220.5316;195.4955;189.8023;5873;221.4200;194.9168;189.8113;6566;221.3379;195.3361;190.3450;11656;214.9404;219.2876;225.9319;202;35;235;235
27.17319;222.5168;193.9285;190.3916;2293;222.8408;197.0868;192.7223;4422;219.1999;192.6724;187.1078;5834;220.2215;193.0916;188.0630;6573;220.1652;193.4948;188.5990;11813;214.4545;218.5316;225.2326;202;35;235;235
27.19488;222.5168;193.9285;190.3916;2293;222.8408;197.0868;192.7223;4422;219.1999;192.6724;187.1078;5834;220.2215;193.0916;188.0630;6573;220.1652;193.4948;188.5990;11813;214.4545;218.5316;225.2326;202;35;235;235
27.23689;224.1636;197.4847;192.7718;2323;223.8464;199.5073;194.8526;4368;219.4462;193.0633;187.4620;5881;221.1361;194.6212;189.3064;6599;220.8111;194.7477;189.6234;11681;215.0244;219.1986;225.8382;202;35;235;235
27.26320;222.2635;193.9792;190.2197;2353;223.0247;197.2272;192.6067;4493;220.5370;194.6981;189.4823;5799;221.2132;194.6637;190.0010;6706;221.0285;194.6977;189.7414;11838;214.6489;218.9239;225.6141;202;34;236;236
27.30257;222.2635;193.9792;190.2197;2353;223.0247;197.2272;192.6067;4493;220.5370;194.6981;189.4823;5799;221.2132;194.6637;190.0010;6706;221.0285;194.6977;189.7414;11838;214.6489;218.9239;225.6141;202;34;236;236
27.32536;224.6731;198.1656;194.0977;2343;224.9893;201.1433;196.3175;4473;218.4755;191.6810;186.3250;5781;220.8944;194.0628;189.2682;6591;220.5602;194.4553;189.4080;11858;214.7254;218.8385;225.4572;202;34;236;236
27.36538;224.6731;198.1656;194.0977;2343;224.9893;201.1433;196.3175;4473;218.4755;191.6810;186.3250;5781;220.8944;194.0628;189.2682;6591;220.5602;194.4553;189.4080;11858;214.7254;218.8385;225.4572;202;34;236;236
27.38931;222.9099;194.0290;190.4665;2341;223.5050;197.4858;193.1881;4487;220.3171;194.7353;189.2103;5764;221.2000;194.3990;189.6154;6601;221.1550;194.9536;190.0441;11756;214.9747;219.1853;225.8631;202;34;236;236
27.43128;222.9099;194.0290;190.4665;2341;223.5050;197.4858;193.1881;4487;220.3171;194.7353;189.2103;5764;221.2000;194.3990;189.6154;6601;221.1550;194.9536;190.0441;11756;214.9747;219.1853;225.8631;202;34;236;236
27.45333;223.0656;194.9370;191.2562;2334;223.8280;198.1444;193.8119;4488;218.4367;191.8169;186.3536;5800;220.0238;193.0001;188.3202;6692;220.1139;193.3830;188.4008;11886;214.4143;218.4777;225.2848;202;34;236;236
27.49377;223.0656;194.9370;191.2562;2334;223.8280;198.1444;193.8119;4488;218.4367;191.8169;186.3536;5800;220.0238;193.0001;188.3202;6692;220.1139;193.3830;188.4008;11886;214.4143;218.4777;225.2848;202;34;236;236
27.51616;224.0828;197.0440;193.1700;2318;224.2360;199.8745;195.1986;4471;218.9887;192.5763;186.8753;5862;220.8363;194.2511;189.1241;6640;220.3881;194.3707;189.1948;11854;215.0299;219.5400;225.9818;202;34;235;235
27.56516;222.5348;193.8200;189.5323;2356;222.6685;196.6490;191.7622;4482;220.1326;194.1656;188.7338;5943;221.0862;194.2307;189.2218;6754;220.6033;194.0779;189.0356;11896;214.6731;219.0673;225.6486;202;34;235;235
27.58639;222.5993;193.8223;189.5399;2341;222.9361;196.9498;191.9914;4524;220.0009;194.0124;188.6217;5869;220.9961;194.1471;189.1266;6744;220.6522;194.1185;189.0558;11982;214.6731;219.0673;225.6486;202;34;236;236
27.62954;225.4537;197.8946;193.6101;2352;225.8334;201.2025;196.2229;4568;218.1298;191.3953;186.0644;5856;220.6938;193.6387;188.6401;6646;220.5557;194.0849;189.0761;12059;214.6542;218.8982;225.5901;202;34;236;236
27.65128;225.4537;197.8946;193.6101;2352;225.8334;201.2025;196.2229;4568;218.1298;191.3953;186.0644;5856;220.6938;193.6387;188.6401;6646;220.5557;194.0849;189.0761;12059;214.6542;218.8982;225.5901;202;34;236;236
27.69336;222.5795;194.1248;189.5397;2340;223.2036;197.3687;192.0894;4499;220.5083;194.9602;190.0159;5831;221.3974;194.7596;190.0059;6644;220.9890;194.8714;189.9079;11901;214.9558;219.4902;226.0445;202;34;236;236
27.71539;222.5795;194.1248;189.5397;2340;223.2036;197.3687;192.0894;4499;220.5083;194.9602;190.0159;5831;221.3974;194.7596;190.0059;6644;220.9890;194.8714;189.9079;11901;214.9558;219.4902;226.0445;202;34;236;236
27.75266;223.0545;194.6238;190.7947;2387;223.3916;198.2430;193.5657;4548;218.4271;191.6766;186.7412;5865;220.1461;192.7214;188.2676;6749;220.0093;193.4762;188.6703;11979;214.3904;218.8416;225.5315;202;34;236;236
27.77412;222.3203;193.4849;189.8541;2351;222.8746;197.2985;192.7976;4472;218.4735;191.6108;186.6483;5920;219.8734;192.3124;187.9246;6713;219.8573;193.1713;188.4306;11862;214.3904;218.8416;225.5315;202;35;235;235
27.81130;224.6379;196.2321;191.9667;2314;224.4420;198.9422;194.2132;4376;219.1674;192.4215;186.8723;5817;221.2422;194.0654;188.9659;6573;220.7809;194.2081;189.1446;11758;214.7874;218.4684;225.3394;202;35;235;235
27.83232;224.7433;196.6753;192.3457;2291;224.4420;198.9422;194.2132;4376;219.2668;192.6185;187.0375;5791;221.1907;194.0571;188.8982;6492;220.9224;194.3406;189.2671;11722;214.7874;218.4684;225.3394;202;35;234;234
27.87043;222.0916;193.3001;189.8172;2336;222.3864;195.9111;191.9147;4444;220.4013;194.5018;189.1521;5853;220.9894;193.9394;189.2962;6581;220.6809;194.1584;189.4119;11810;214.5987;219.1179;225.7311;202;35;234;234
27.93467;225.2348;198.7352;194.6075;2334;225.1401;200.7115;196.0111;4434;218.3560;192.0994;186.2987;5815;220.8582;194.5048;189.2669;6601;220.6093;194.5657;189.3538;11782;214.5687;218.2999;224.9909;202;35;234;234
27.98187;225.2348;198.7352;194.6075;2334;225.1401;200.7115;196.0111;4434;218.3560;192.0994;186.2987;5815;220.8582;194.5048;189.2669;6601;220.6093;194.5657;189.3538;11782;214.5687;218.2999;224.9909;202;35;234;234
28.00232;222.2868;193.6677;190.2055;2326;222.7853;197.0273;192.7244;4467;220.5736;195.3300;189.1675;5791;221.3479;194.8993;189.6479;6577;220.9958;195.1877;189.8686;11795;214.9682;219.3454;226.0749;202;35;235;235
28.04507;222.2868;193.6677;190.2055;2326;222.7853;197.0273;192.7244;4467;220.5736;195.3300;189.1675;5791;221.3479;194.8993;189.6479;6577;220.9958;195.1877;189.8686;11795;214.9682;219.3454;226.0749;202;35;235;235
28.06685;224.4020;196.1563;192.8074;2316;224.9327;200.0333;195.6637;4529;218.6493;192.0235;187.8015;5954;220.6328;193.3824;189.5380;6678;220.6221;194.2137;189.9500;12052;214.3453;217.9184;224.9480;202;34;236;236
28.10951;224.4020;196.1563;192.8074;2316;224.9327;200.0333;195.6637;4529;218.6493;192.0235;187.8015;5954;220.6328;193.3824;189.5380;6678;220.6221;194.2137;189.9500;12052;214.3453;217.9184;224.9480;202;34;236;236
28.13082;224.6290;196.6303;193.2984;2383;224.4438;199.3492;195.2684;4516;219.4056;192.9281;188.0795;5912;221.4135;194.4600;190.2035;6728;220.9222;194.5806;190.0383;11806;214.9319;218.3238;225.4958;202;34;235;235
28.17154;224.6290;196.6303;193.2984;2383;224.4438;199.3492;195.2684;4516;219.4056;192.9281;188.0795;5912;221.4135;194.4600;190.2035;6728;220.9222;194.5806;190.0383;11806;214.9319;218.3238;225.4958;202;34;235;235
28.19369;223.1807;194.3585;190.6754;2357;223.5332;197.4960;192.9484;4454;220.0567;193.8494;188.9775;5943;221.3627;194.2327;189.7593;6664;220.9128;194.3134;189.6880;11836;214.2749;217.3781;224.6583;202;34;235;235
28.23205;225.2629;198.8018;194.8740;2366;225.1878;201.5282;196.7249;4474;218.5782;191.4291;186.2318;5915;221.1296;194.2397;189.5294;6653;220.5404;194.3077;189.4007;11883;214.1811;217.1917;224.3693;202;34;235;235
28.25132;225.2629;198.8018;194.8740;2366;225.1878;201.5282;196.7249;4474;218.5782;191.4291;186.2318;5915;221.1296;194.2397;189.5294;6653;220.5404;194.3077;189.4007;11883;214.1811;217.1917;224.3693;202;34;235;235
28.28973;223.4047;193.8647;190.5300;2387;223.1894;196.6949;192.6857;4540;220.8124;194.5431;189.5363;5896;221.7703;194.6197;190.2230;6758;221.1114;194.3058;189.8132;11951;214.5620;218.5440;225.5270;202;34;235;235
28.31136;223.4047;193.8647;190.5300;2387;223.1894;196.6949;192.6857;4540;220.8124;194.5431;189.5363;5896;221.7703;194.6197;190.2230;6758;221.1114;194.3058;189.8132;11951;214.5620;218.5440;225.5270;202;34;235;235
28.35215;223.7113;195.2539;192.2272;2355;223.8218;198.5065;194.5458;4507;218.5490;191.3674;186.8457;5873;220.3723;192.7789;188.8767;6661;220.0739;193.1620;189.0186;11846;214.1042;217.5606;224.8050;202;34;235;235
28.37512;223.7158;195.6290;192.5620;2361;223.8218;198.5065;194.5458;4507;218.6703;191.5383;186.9906;5830;220.4139;192.9529;188.9933;6582;220.2214;193.2785;189.1144;11866;214.1042;217.5606;224.8050;202;34;234;234
28.41322;223.9535;196.6209;193.2137;2387;224.0011;198.7893;194.6479;4518;219.7407;192.8972;187.4910;5915;221.4263;194.3214;189.6731;6671;220.9560;194.2853;189.5055;11907;214.6943;218.2134;225.2508;202;34;234;234
28.46115;223.0956;193.3037;190.8866;2364;222.7198;195.5733;192.2320;4500;219.9523;193.1900;187.7041;5854;221.2806;193.3468;188.9670;6644;220.4493;193.1738;188.6508;11828;214.3811;218.1014;225.1931;203;35;233;233
28.50173;223.0956;193.3037;190.8866;2364;222.7198;195.5733;192.2320;4500;219.9523;193.1900;187.7041;5854;221.2806;193.3468;188.9670;6644;220.4493;193.1738;188.6508;11828;214.3811;218.1014;225.1931;203;35;233;233
28.52557;224.4541;198.1537;193.5133;2297;224.5480;200.0276;195.2173;4354;219.0390;191.3994;186.9452;5789;220.8524;193.5797;189.0922;6484;220.5714;193.6362;189.1868;11765;214.7027;218.5578;225.3883;203;36;232;232
28.56347;224.4541;198.1537;193.5133;2297;224.5480;200.0276;195.2173;4354;219.0390;191.3994;186.9452;5789;220.8524;193.5797;189.0922;6484;220.5714;193.6362;189.1868;11765;214.7027;218.5578;225.3883;203;36;232;232
28.58967;222.8339;193.6821;190.4674;2227;222.8040;195.6944;191.8729;4342;220.8695;195.1464;189.5504;5770;221.6247;194.5878;189.8798;6397;221.0448;194.2737;189.5207;11765;214.6873;218.5163;225.5616;203;36;232;232
28.63143;222.8339;193.6821;190.4674;2227;222.8040;195.6944;191.8729;4342;220.8695;195.1464;189.5504;5770;221.6247;194.5878;189.8798;6397;221.0448;194.2737;189.5207;11765;214.6873;218.5163;225.5616;203;36;232;232
28.65351;223.8449;194.9444;192.2980;2302;224.3049;198.0216;194.6269;4355;218.6634;191.3735;186.1470;5831;220.5421;192.6225;188.3449;6527;220.4310;193.1426;188.6584;11753;214.5861;218.9880;225.9040;203;36;233;233
28.69494;223.8449;194.9444;192.2980;2302;224.3049;198.0216;194.6269;4355;218.6634;191.3735;186.1470;5831;220.5421;192.6225;188.3449;6527;220.4310;193.1426;188.6584;11753;214.5861;218.9880;225.9040;203;36;233;233
28.71769;224.1327;196.1835;192.9664;2261;223.3949;197.8879;193.9374;4345;219.5664;193.5705;188.3712;5816;220.9840;194.1314;189.7878;6494;220.5056;194.1602;189.5106;11764;214.8667;218.2603;225.3374;203;36;232;232
28.76530;222.8772;193.9679;189.9201;2240;223.1719;196.3037;192.0268;4287;220.2306;193.8796;188.8214;5763;220.9179;193.6483;188.9329;6404;220.8987;193.8815;189.2542;11690;214.5345;218.5406;225.5350;203;36;232;232
28.78630;222.8188;193.6247;189.6647;2329;222.9008;195.7722;191.6044;4363;220.0539;193.7197;188.7643;5923;220.8749;193.4963;188.8367;6577;220.8129;193.7001;189.1155;11766;214.5345;218.5406;225.5350;203;36;233;233
28.82967;225.2944;198.2515;194.3455;2266;224.9809;200.0265;196.1734;4343;218.4486;191.8175;186.9345;5907;220.6797;193.8389;189.3748;6606;220.4780;193.9398;189.5173;11752;214.7437;218.4402;225.3216;203;36;233;233
28.85190;225.2944;198.2515;194.3455;2266;224.9809;200.0265;196.1734;4343;218.4486;191.8175;186.9345;5907;220.6797;193.8389;189.3748;6606;220.4780;193.9398;189.5173;11752;214.7437;218.4402;225.3216;203;36;233;233
28.89364;222.5022;193.8401;190.3306;2302;222.3534;196.2941;192.2153;4366;220.9250;194.9963;189.7306;5906;221.5420;194.5559;190.0042;6607;221.0834;194.6657;189.9108;11817;214.6196;217.8541;224.8420;203;36;233;233
28.91637;222.5022;193.8401;190.3306;2302;222.4289;196.3884;192.2948;4390;220.7979;194.8241;189.6107;5833;221.6118;194.7356;190.2004;6566;221.0168;194.6022;189.8606;11732;214.6196;217.8541;224.8420;203;36;234;234
28.95361;223.8914;195.1882;191.6729;2311;223.9186;197.8972;193.6867;4436;218.3673;191.2677;186.1680;5775;220.2550;192.6846;188.1949;6564;220.1932;193.0147;188.3612;11662;214.2713;217.7499;224.7733;203;36;234;234
28.97530;223.8914;195.1882;191.6729;2311;223.9186;197.8972;193.6867;4436;218.3673;191.2677;186.1680;5775;220.2550;192.6846;188.1949;6564;220.1932;193.0147;188.3612;11662;214.2713;217.7499;224.7733;203;36;234;234
29.01298;223.3486;195.1245;191.8580;2338;223.0955;197.2678;193.1707;4481;219.6090;192.6625;188.1755;5709;221.1204;193.7483;189.6605;6460;220.6933;193.9471;189.6468;11681;214.8198;218.4151;225.3936;203;36;234;234
29.03164;222.9804;194.3211;191.2854;2351;223.0493;197.2831;193.1918;4500;219.6352;192.6087;188.1073;5757;221.0458;193.5292;189.5272;6546;220.5233;193.7225;189.4466;11628;214.8198;218.4151;225.3936;202;36;235;235
29.06863;222.2509;192.9034;189.3601;2308;222.2844;195.9365;191.9091;4410;219.8413;193.0189;188.4826;5816;220.8052;192.9792;188.8997;6550;220.3230;193.3394;189.0437;11633;214.2249;217.3768;224.5789;202;36;235;235
29.13345;225.3895;197.4000;194.5289;2280;225.1426;199.7897;196.5115;4375;218.4813;191.0129;186.1230;5820;220.9653;193.2829;189.0828;6544;220.5253;193.4014;189.2765;11619;214.7692;218.4887;225.4808;202;36;235;235
29.17200;225.3895;197.4000;194.5289;2280;225.1426;199.7897;196.5115;4375;218.4813;191.0129;186.1230;5820;220.9653;193.2829;189.0828;6544;220.5253;193.4014;189.2765;11619;214.7692;218.4887;225.4808;202;36;235;235
29.19111;223.1906;194.0009;190.1705;2282;223.2778;196.0515;192.1513;4428;220.9214;194.5310;189.8704;5727;221.8690;194.4444;190.1644;6398;221.5110;194.4109;190.1453;11630;214.6213;217.9399;225.1197;202;36;234;234
29.23147;223.1906;194.0009;190.1705;2282;223.2778;196.0515;192.1513;4428;220.9214;194.5310;189.8704;5727;221.8690;194.4444;190.1644;6398;221.5110;194.4109;190.1453;11630;214.6213;217.9399;225.1197;202;36;234;234
29.25242;224.0090;195.9880;192.3319;2332;224.0741;198.6418;194.3602;4397;218.7006;191.5332;187.1322;5801;220.4943;192.9017;188.8456;6540;220.3638;193.3895;189.1142;11700;214.4071;217.8727;224.9989;202;36;234;234
29.29114;224.0090;195.9880;192.3319;2332;224.0741;198.6418;194.3602;4397;218.7006;191.5332;187.1322;5801;220.4943;192.9017;188.8456;6540;220.3638;193.3895;189.1142;11700;214.4071;217.8727;224.9989;202;36;234;234
29.31165;224.3140;195.5455;192.2258;2299;223.9274;197.8603;193.8655;4380;220.0646;193.3910;188.6905;5823;221.4519;193.9907;189.8238;6559;221.1451;194.2869;189.9672;11744;214.6214;217.7448;225.0196;202;36;234;234
29.35203;224.3140;195.5455;192.2258;2299;223.9274;197.8603;193.8655;4380;220.0646;193.3910;188.6905;5823;221.4519;193.9907;189.8238;6559;221.1451;194.2869;189.9672;11744;214.6214;217.7448;225.0196;202;36;234;234
29.37342;222.4361;192.8274;189.3810;2323;222.8974;196.0229;191.7985;4417;218.7945;192.0005;187.3720;5946;220.2581;192.4946;188.3171;6702;220.0136;192.7749;188.4265;11802;214.3149;217.5662;224.7532;202;36;235;235
29.42160;225.0270;197.8213;193.7098;2333;225.3023;200.6245;196.2332;4416;218.2896;190.8150;186.4470;5870;220.6727;193.3164;189.1570;6637;220.4712;193.6991;189.3280;11723;214.5476;217.5998;224.8024;202;36;235;235
29.44274;225.2143;197.9432;193.8182;2343;225.5574;200.9155;196.4776;4460;217.9646;190.4101;186.1174;5786;220.5977;193.1354;189.0051;6615;220.4930;193.7013;189.3257;11823;214.5476;217.5998;224.8024;202;36;236;236
29.48580;223.0414;193.3280;189.8280;2366;223.7148;196.5494;192.7212;4523;220.6221;194.5098;189.7683;5745;221.5924;194.3611;189.8687;6643;221.2483;194.2474;190.0253;11862;214.5686;218.4289;225.5488;202;36;236;236
29.50847;223.0414;193.3280;189.8280;2366;223.7148;196.5494;192.7212;4523;220.6221;194.5098;189.7683;5745;221.5924;194.3611;189.8687;6643;221.2483;194.2474;190.0253;11862;214.5686;218.4289;225.5488;202;36;236;236
29.54925;224.7395;196.5103;192.1599;2326;224.8447;199.7276;194.9965;4515;218.0442;190.2041;185.7186;5810;220.6532;192.7139;188.1758;6621;220.1166;192.9707;188.5299;11883;214.1742;217.7284;225.0830;202;36;236;236
29.57286;224.7395;196.5103;192.1599;2326;224.8447;199.7276;194.9965;4515;218.0442;190.2041;185.7186;5810;220.6532;192.7139;188.1758;6621;220.1166;192.9707;188.5299;11883;214.1742;217.7284;225.0830;202;36;236;236
29.61341;224.7231;195.7945;191.6025;2355;224.2218;198.0563;193.5144;4563;219.1394;192.8158;187.8908;5859;221.0249;193.7807;189.2796;6698;220.6516;193.9331;189.2661;12065;214.8586;218.3602;225.4589;202;36;236;236
29.66218;223.6742;194.7193;190.8024;2394;222.9813;196.5843;192.3767;4600;218.7013;191.9081;186.9241;5942;220.6684;193.1975;188.5846;6710;220.1502;193.2607;188.6826;11840;214.2718;217.5844;224.8839;201;35;238;238
29.70086;223.6742;194.7193;190.8024;2394;222.9813;196.5843;192.3767;4600;218.7013;191.9081;186.9241;5942;220.6684;193.1975;188.5846;6710;220.1502;193.2607;188.6826;11840;214.2718;217.5844;224.8839;201;35;238;238
29.72553;225.5731;198.6823;195.1547;2373;225.6736;201.4005;197.3840;4549;218.4548;191.5003;186.6857;5978;221.0245;193.9985;189.6176;6690;220.7796;194.4651;190.0676;11911;214.5976;217.9490;225.1187;202;35;237;237
29.76441;225.5731;198.6823;195.1547;2373;225.6736;201.4005;197.3840;4549;218.4548;191.5003;186.6857;5978;221.0245;193.9985;189.6176;6690;220.7796;194.4651;190.0676;11911;214.5976;217.9490;225.1187;202;35;237;237
29.78952;223.2802;193.7906;189.9642;2373;223.5433;196.7422;192.4255;4609;220.5676;194.7334;189.5205;5810;221.4394;194.4455;189.8482;6655;221.1940;194.4656;189.7132;12064;214.5048;217.9133;225.1429;202;35;236;236
29.83555;223.2802;193.7906;189.9642;2373;223.5433;196.7422;192.4255;4609;220.5676;194.7334;189.5205;5810;221.4394;194.4455;189.8482;6655;221.1940;194.4656;189.7132;12064;214.5048;217.9133;225.1429;202;35;236;236
29.85544;225.4119;196.9351;194.4755;2328;225.4322;200.3387;196.6426;4479;218.6053;190.9397;186.6590;5807;220.9463;192.9664;189.2711;6633;220.9493;193.8702;189.8596;11779;214.3541;217.8659;225.2138;202;35;236;236
29.89496;225.4119;196.9351;194.4755;2328;225.4322;200.3387;196.6426;4479;218.6053;190.9397;186.6590;5807;220.9463;192.9664;189.2711;6633;220.9493;193.8702;189.8596;11779;214.3541;217.8659;225.2138;202;35;236;236
29.91667;223.7751;195.3576;191.4781;2374;224.0109;198.0207;193.4521;4583;220.0117;193.3267;188.8519;5806;221.4602;194.2275;189.8990;6713;221.2087;194.3596;190.0045;11927;214.6328;217.2951;224.6159;202;35;236;236
29.96507;223.3551;194.0294;190.3299;2343;223.6930;197.2972;192.9791;4586;219.0677;192.5508;187.7244;5853;220.5201;192.9251;188.5435;6622;220.3430;193.3526;188.8376;12048;214.3977;218.0119;225.2299;202;35;236;236
29.98693;223.3551;194.0294;190.3299;2343;223.6930;197.2972;192.9791;4586;219.0677;192.5508;187.7244;5853;220.5201;192.9251;188.5435;6622;220.3430;193.3526;188.8376;12048;214.3977;218.0119;225.2299;202;35;236;236
30.02961;225.2676;198.7042;194.2266;2343;225.5384;201.6724;196.8461;4573;218.1637;191.2108;186.9772;5881;220.6138;193.6738;189.3744;6733;220.7882;194.5591;190.2058;11911;214.7397;218.0482;225.0659;202;35;236;236
30.05157;225.2676;198.7042;194.2266;2343;225.5384;201.6724;196.8461;4573;218.1637;191.2108;186.9772;5881;220.6138;193.6738;189.3744;6733;220.7882;194.5591;190.2058;11911;214.7397;218.0482;225.0659;202;35;236;236
30.09365;223.5253;193.6003;190.8048;2387;223.9736;196.8431;193.3384;4551;220.7150;194.3250;189.4803;5800;221.9848;194.3756;190.1996;6658;221.4671;194.4512;190.2826;11989;214.6634;218.4873;225.5516;202;35;236;236
30.11718;223.5253;193.6003;190.8048;2387;223.9736;196.8431;193.3384;4551;220.7150;194.3250;189.4803;5800;221.9848;194.3756;190.1996;6658;221.4671;194.4512;190.2826;11989;214.6634;218.4873;225.5516;202;35;236;236
30.15414;224.7533;196.9945;193.5764;2363;224.9112;200.2223;195.9277;4539;218.4133;191.3074;186.4222;5943;220.4313;193.0580;188.7090;6721;220.3959;193.7751;189.2226;12060;214.3879;217.8243;224.9650;202;35;236;236
30.17585;224.7533;196.9945;193.5764;2363;224.9112;200.2223;195.9277;4539;218.4133;191.3074;186.4222;5943;220.4313;193.0580;188.7090;6721;220.3959;193.7751;189.2226;12060;214.3879;217.8243;224.9650;202;35;236;236
30.21431;223.9479;194.8804;191.5848;2382;224.0617;197.6223;193.5427;4570;220.0450;194.0263;189.1612;5826;221.5620;194.6317;190.3565;6710;221.1540;194.5225;190.0103;11988;214.7910;218.2993;225.3924;202;35;236;236
30.23607;223.9479;194.8804;191.5848;2382;224.0617;197.6223;193.5427;4570;220.0450;194.0263;189.1612;5826;221.5620;194.6317;190.3565;6710;221.1540;194.5225;190.0103;11988;214.7910;218.2993;225.3924;202;35;236;236
30.27514;223.4691;194.2832;190.7197;2362;223.8142;197.6223;193.6110;4527;219.3329;192.7216;187.0489;5926;220.9190;193.5211;188.4436;6732;220.5406;193.6750;188.8039;11971;214.2806;217.7995;224.9246;202;35;236;236
30.33396;225.3346;199.0330;194.7042;2397;225.3909;201.8690;197.2360;4635;218.4544;191.6605;186.7702;6023;221.1087;194.6414;189.9181;6768;220.7582;194.8557;190.1642;12091;214.7778;218.3194;225.4156;202;34;237;237
30.38077;225.3346;199.0330;194.7042;2397;225.3909;201.8690;197.2360;4635;218.4544;191.6605;186.7702;6023;221.1087;194.6414;189.9181;6768;220.7582;194.8557;190.1642;12091;214.7778;218.3194;225.4156;202;34;237;237
30.40426;223.6387;194.3396;190.7213;2397;223.6947;197.1378;192.9731;4579;220.7040;195.4185;189.6392;5878;221.9072;195.3480;190.1789;6765;221.3296;195.0753;190.1085;12000;214.4932;218.1754;225.3159;202;34;236;236
30.44772;223.6387;194.3396;190.7213;2397;223.6947;197.1378;192.9731;4579;220.7040;195.4185;189.6392;5878;221.9072;195.3480;190.1789;6765;221.3296;195.0753;190.1085;12000;214.4932;218.1754;225.3159;202;34;236;236
30.47012;224.3943;197.7384;193.7581;2427;224.8002;200.7502;196.0639;4619;218.5819;191.9150;187.0627;5998;221.1117;194.5882;189.9334;6760;220.4267;194.3214;189.6849;12061;214.4744;218.1119;225.2364;201;34;237;237
30.51252;224.3943;197.7384;193.7581;2427;224.8002;200.7502;196.0639;4619;218.5819;191.9150;187.0627;5998;221.1117;194.5882;189.9334;6760;220.4267;194.3214;189.6849;12061;214.4744;218.1119;225.2364;201;34;237;237
30.53621;223.4780;195.5821;191.5108;2412;223.7306;198.2418;193.6155;4640;220.2968;194.3281;188.8453;5940;221.7384;195.3126;190.3359;6728;221.3785;195.2712;190.2385;12046;214.8918;218.5744;225.5729;201;34;237;237
30.58086;223.4780;195.5821;191.5108;2412;223.7306;198.2418;193.6155;4640;220.2968;194.3281;188.8453;5940;221.7384;195.3126;190.3359;6728;221.3785;195.2712;190.2385;12046;214.8918;218.5744;225.5729;201;34;237;237
30.60302;223.6293;195.0873;191.3038;2406;223.4286;197.3669;193.4362;4617;219.1046;192.5959;187.7036;5910;220.8470;193.8987;189.2731;6752;220.4354;193.7626;189.3399;11896;214.1461;217.3832;224.7077;200;34;238;238
30.64637;224.4948;198.8236;194.8622;2381;224.5402;200.7107;196.1619;4545;218.4691;191.7119;187.1677;5911;220.5495;194.3779;190.1139;6772;220.6519;194.7756;190.1752;11744;214.4399;217.5535;224.6339;200;34;238;238
30.66934;224.4948;198.8236;194.8622;2381;224.5402;200.7107;196.1619;4545;218.4311;191.7405;187.2062;5869;220.4164;194.1170;189.8794;6785;220.2883;194.3159;189.7638;11841;214.4399;217.5535;224.6339;200;34;239;239
30.71280;223.1132;194.4546;191.0445;2358;223.0768;196.4736;193.0729;4584;220.3391;194.4657;189.2128;5836;221.4994;194.7616;190.0075;6694;220.7335;194.0869;189.8201;11933;214.1830;217.6133;224.7572;200;34;239;239
30.73640;222.9954;194.1221;190.7719;2407;223.2183;196.6767;193.2505;4627;220.3980;194.6044;189.3257;5738;221.3571;194.5640;189.8290;6674;220.8530;194.2597;189.9791;11935;214.1830;217.6133;224.7572;199;34;240;240
30.78024;224.7357;197.6538;193.6756;2429;224.9493;200.2383;196.0317;4611;218.0051;191.0292;186.1320;5862;220.3276;193.4673;188.8201;6783;220.3253;193.7875;189.2861;12009;213.9377;217.4550;224.6140;199;34;240;240
30.80345;224.6261;197.1611;193.2794;2402;224.9493;200.2383;196.0317;4611;217.7143;190.5494;185.7372;6023;220.1324;193.2176;188.6197;6705;220.3253;193.7875;189.2861;12009;213.9377;217.4550;224.6140;199;34;241;241
30.84758;223.0197;194.7293;191.4533;2431;223.4726;197.4657;193.8436;4647;219.3262;193.1331;188.2458;5920;221.0242;194.3741;190.0494;6664;220.6302;194.2515;189.9624;11886;214.4509;217.5946;224.8120;199;34;241;241
30.86943;222.8838;194.1836;192.0677;2495;223.4059;197.6140;194.4646;4673;217.5592;190.5451;185.7577;5808;219.5257;192.1621;188.4761;6855;219.4646;192.6181;188.6042;12022;213.9516;217.0127;224.3668;200;34;240;240
30.91486;222.8838;194.1836;192.0677;2495;223.4059;197.6140;194.4646;4673;217.5592;190.5451;185.7577;5808;219.5257;192.1621;188.4761;6855;219.4646;192.6181;188.6042;12022;213.9516;217.0127;224.3668;200;34;240;240
30.93546;224.2233;198.3593;194.6671;2427;224.3186;200.1793;195.9744;4601;217.1365;190.3079;186.3432;6044;219.8235;193.3853;189.5433;6849;219.4075;193.3071;189.3124;12067;214.4446;217.5178;224.7687;200;34;239;239
30.98020;224.2233;198.3593;194.6671;2427;224.3186;200.1793;195.9744;4601;217.1365;190.3079;186.3432;6044;219.8235;193.3853;189.5433;6849;219.4075;193.3071;189.3124;12067;214.4446;217.5178;224.7687;200;34;239;239
31.00045;222.5824;194.7032;190.2968;2402;222.6428;196.8785;192.5432;4617;218.7244;192.7934;188.1127;5991;220.2775;193.8380;189.2156;6865;219.6580;193.4274;188.9763;12046;214.3703;217.6636;224.9371;200;34;239;239
31.04595;222.5824;194.7032;190.2968;2402;222.6428;196.8785;192.5432;4617;218.7244;192.7934;188.1127;5991;220.2775;193.8380;189.2156;6865;219.6580;193.4274;188.9763;12046;214.3703;217.6636;224.9371;200;34;239;239
31.06888;224.5553;198.2282;194.5492;2458;225.0428;200.7605;196.7195;4631;216.6002;189.5652;185.1646;5941;219.5315;192.9449;188.7573;6894;219.5247;193.1526;188.8936;12054;214.2761;218.0782;225.1754;199;34;240;240
31.11201;224.5553;198.2282;194.5492;2458;225.0428;200.7605;196.7195;4631;216.6002;189.5652;185.1646;5941;219.5315;192.9449;188.7573;6894;219.5247;193.1526;188.8936;12054;214.2761;218.0782;225.1754;199;34;240;240
31.13522;222.7303;194.9915;190.8376;2469;222.7920;197.6503;193.0813;4672;218.2118;191.5271;187.0173;5779;220.1298;193.2957;188.8518;6740;219.7802;193.4356;188.9734;11895;214.5796;218.0373;225.1233;199;34;240;240
31.17756;222.4219;194.5810;191.1767;2451;223.0692;197.6705;193.6717;4667;217.5871;190.2624;185.7907;5820;219.3231;191.7418;187.5937;6813;219.1409;192.2572;188.0595;12012;214.1880;218.0236;225.2285;199;34;240;240
31.20024;222.2089;194.4113;191.0575;2436;222.8523;197.4766;193.5011;4652;217.7255;190.3691;185.8025;5839;219.4015;191.9448;187.7400;6832;219.1543;192.2892;188.0771;12005;214.1880;218.0236;225.2285;198;34;240;240
31.24304;224.6291;198.1775;194.4434;2440;224.8531;200.5466;196.1527;4663;217.3918;190.8513;186.2875;6031;219.9589;193.4772;189.1132;6879;219.8683;193.8473;189.4240;12288;214.4157;217.9418;225.1087;198;34;240;240
31.26583;224.4837;198.3241;194.5913;2388;224.4614;200.0414;195.7690;4610;217.8751;191.3519;186.6487;6115;220.2219;193.9093;189.4498;6761;219.9444;193.8618;189.4693;12213;214.4157;217.9418;225.1087;198;34;238;238
31.30978;222.2556;194.6047;190.7739;2441;222.1777;197.0590;192.5882;4743;219.2240;193.2013;188.3159;5856;220.4137;193.9507;189.4759;6688;219.9615;193.8865;189.2372;11961;214.1904;218.3482;225.4861;198;34;238;238
31.33326;222.2556;194.6047;190.7739;2441;222.1777;197.0590;192.5882;4743;219.1884;193.2297;188.3629;5812;220.3640;193.8642;189.4212;6736;219.7998;193.7001;189.0531;12056;214.1904;218.3482;225.4861;198;34;239;239
31.37888;224.4944;199.1103;195.0008;2393;224.9050;201.2342;196.7077;4632;217.7659;191.7705;186.3690;6130;219.8191;193.9740;188.8793;6894;219.8271;194.1791;189.2817;12334;213.9509;217.5672;224.8646;198;34;239;239
31.40324;224.4373;198.7252;194.7244;2431;225.1239;201.4500;196.8875;4656;217.6022;191.5716;186.1897;6041;219.9217;194.0344;188.9776;6913;219.9090;194.3458;189.4337;12279;213.9509;217.5672;224.8646;198;34;240;240
31.44800;222.8654;195.2089;191.5723;2422;223.0168;197.7671;193.6235;4651;219.3728;193.8829;189.3366;5775;220.5768;194.4746;190.3167;6704;220.3948;194.5535;190.1755;11896;214.1026;217.5941;224.7071;198;34;240;240
31.46919;222.8928;195.4289;191.7170;2406;222.8149;197.5544;193.4355;4609;219.7844;194.3472;189.6896;5922;220.6992;194.6008;190.3715;6751;220.3292;194.4377;190.0552;11915;214.1026;217.5941;224.7071;198;34;239;239
31.51478;223.3648;195.2626;191.6907;2418;223.4729;198.0590;193.8794;4675;217.7388;190.9520;186.2230;5942;219.8028;192.4031;188.1467;6837;219.5400;193.0336;188.5723;12094;213.5860;217.0172;224.4180;198;34;239;239
31.53681;224.6585;197.3762;193.2278;2419;224.6463;199.7933;195.4071;4679;217.9410;192.2619;187.5612;6087;220.3201;194.1658;189.5926;6760;220.0603;194.4061;189.8784;12192;214.1612;217.8842;225.1051;197;34;238;238
31.58187;224.6585;197.3762;193.2278;2419;224.6463;199.7933;195.4071;4679;217.9410;192.2619;187.5612;6087;220.3201;194.1658;189.5926;6760;220.0603;194.4061;189.8784;12192;214.1612;217.8842;225.1051;197;34;238;238
31.60407;222.5376;193.8285;190.4920;2431;222.6014;196.1865;192.5506;4729;219.3126;194.1467;188.8799;6101;220.5443;194.2316;189.4621;6801;220.0852;194.1140;189.6656;12224;213.7807;217.1775;224.3695;196;34;238;238
31.65008;222.5376;193.8285;190.4920;2431;222.6014;196.1865;192.5506;4729;219.3126;194.1467;188.8799;6101;220.5443;194.2316;189.4621;6801;220.0852;194.1140;189.6656;12224;213.7807;217.1775;224.3695;196;34;238;238
31.67288;225.0093;198.7837;194.8935;2460;224.7283;200.5570;196.5781;4729;217.6838;191.0588;186.4745;6034;220.4375;194.1459;189.8279;6814;219.9446;193.9745;189.6598;12234;213.8998;217.0711;224.3090;195;34;238;238
31.71679;225.0093;198.7837;194.8935;2460;224.7283;200.5570;196.5781;4729;217.6838;191.0588;186.4745;6034;220.4375;194.1459;189.8279;6814;219.9446;193.9745;189.6598;12234;213.8998;217.0711;224.3090;195;34;238;238
31.73976;222.8101;194.4822;190.6935;2470;222.7678;196.6606;192.7745;4732;219.7816;194.4262;189.3952;6093;221.1879;194.8175;190.1220;6861;220.5530;194.6928;190.1784;12167;214.3528;217.8166;224.9969;195;34;238;238
31.78485;222.8101;194.4822;190.6935;2470;222.7678;196.6606;192.7745;4732;219.7816;194.4262;189.3952;6093;221.1879;194.8175;190.1220;6861;220.5530;194.6928;190.1784;12167;214.3528;217.8166;224.9969;195;34;238;238
31.80750;223.3640;195.4651;191.9209;2453;223.3804;197.7662;193.8625;4603;217.9659;191.6178;187.3808;5945;219.9923;193.0558;189.1218;6740;219.5380;193.2134;189.2318;11943;213.6840;217.0302;224.4805;195;35;238;238
31.85145;223.9967;197.3164;193.0021;2402;223.9638;199.4736;194.5262;4635;218.4799;192.6305;187.5008;6062;220.3889;194.2174;189.4209;6735;220.2830;194.6529;189.6812;12097;214.2120;217.5230;224.7463;195;35;238;238
31.87369;223.9967;197.3164;193.0021;2402;223.9638;199.4736;194.5262;4635;218.4799;192.6305;187.5008;6062;220.3889;194.2174;189.4209;6735;220.2830;194.6529;189.6812;12097;214.2120;217.5230;224.7463;195;35;238;238
31.91660;222.9775;193.9967;191.0768;2396;222.8339;196.4735;192.7743;4515;219.5344;194.0833;189.0437;6001;220.7891;193.9328;189.6199;6738;220.3937;194.3711;189.9334;11954;213.8781;217.6112;224.8479;195;35;238;238
31.93858;222.9775;193.9967;191.0768;2396;222.8339;196.4735;192.7743;4515;219.5693;194.1889;189.1747;5960;220.8361;194.0194;189.7157;6816;220.1634;193.9784;189.6033;12069;213.8781;217.6112;224.8479;195;35;239;239
31.97985;224.9523;197.7928;194.4492;2433;224.4697;199.7298;196.0066;4686;217.8881;191.9344;186.9803;6032;220.2645;193.6439;189.1534;6844;219.9041;193.9648;189.5416;12294;214.1185;217.8922;225.0609;195;35;239;239
32.00403;225.0278;197.7825;194.4250;2414;224.6964;199.9340;196.1539;4710;217.8039;191.8945;187.0197;6028;220.2279;193.6467;189.2396;6858;219.9303;193.9956;189.5745;12290;214.1185;217.8922;225.0609;196;35;239;239
32.04684;222.9659;194.5797;190.6836;2408;222.4946;196.4950;192.4144;4638;220.5774;195.2971;190.4231;5985;221.3534;194.8242;190.3044;6765;220.7115;194.6828;190.2281;12265;214.3408;218.1236;225.2948;196;35;239;239
32.06687;223.6001;195.5916;191.8524;2473;223.8420;198.5959;194.2482;4759;218.2782;191.9847;187.3906;5945;219.9894;192.9087;188.5176;6891;219.8159;193.6572;189.3166;12273;213.8140;217.4032;224.6438;196;35;240;240
32.10642;223.6001;195.5916;191.8524;2473;223.8420;198.5959;194.2482;4759;218.2782;191.9847;187.3906;5945;219.9894;192.9087;188.5176;6891;219.8159;193.6572;189.3166;12273;213.8140;217.4032;224.6438;196;35;240;240
32.12771;224.9077;197.5504;193.7856;2491;224.6875;199.8377;195.5607;4762;218.7180;192.9282;188.2050;5937;220.8872;194.4493;190.1756;6873;220.4277;194.5951;190.1295;12306;214.3890;217.6757;224.9469;196;34;240;240
32.16636;224.9077;197.5504;193.7856;2491;224.6875;199.8377;195.5607;4762;218.7180;192.9282;188.2050;5937;220.8872;194.4493;190.1756;6873;220.4277;194.5951;190.1295;12306;214.3890;217.6757;224.9469;196;34;240;240
32.18957;222.1431;193.9530;189.9326;2508;221.9699;196.6802;192.3092;4747;219.7642;194.6958;189.6157;6081;220.3609;194.1117;189.5115;6983;219.8310;194.1083;189.4143;12424;214.1917;218.0871;225.2198;196;35;240;240
32.22833;222.1431;193.9530;189.9326;2508;221.9699;196.6802;192.3092;4747;219.7642;194.6958;189.6157;6081;220.3609;194.1117;189.5115;6983;219.8310;194.1083;189.4143;12424;214.1917;218.0871;225.2198;196;35;240;240
32.25342;225.3822;198.1349;194.6026;2491;225.4777;200.8035;196.7686;4662;217.9169;191.4766;187.2748;6005;220.5312;193.7218;189.7594;6909;220.2121;194.0989;189.9895;12276;214.2870;217.6346;224.9280;196;35;240;240
32.29286;225.3822;198.1349;194.6026;2491;225.4777;200.8035;196.7686;4662;217.9169;191.4766;187.2748;6005;220.5312;193.7218;189.7594;6909;220.2121;194.0989;189.9895;12276;214.2870;217.6346;224.9280;196;35;240;240
32.31414;222.9589;193.9766;191.0583;2434;222.6606;196.1842;192.5526;4723;219.9590;195.0859;190.0984;5993;221.0984;194.4512;190.2577;6810;220.3782;194.5277;190.1919;12307;214.4325;217.8528;225.0129;196;35;239;239
32.36694;223.4566;196.0385;191.2746;2418;223.3908;198.5688;193.6331;4680;218.0827;192.0554;187.1862;6025;219.8458;193.1595;188.4550;6816;219.4589;193.4973;188.6343;12369;213.8277;216.7237;224.1723;196;35;239;239
32.38916;223.4566;196.0385;191.2746;2418;223.3908;198.5688;193.6331;4680;218.0827;192.0554;187.1862;6025;219.8458;193.1595;188.4550;6816;219.4589;193.4973;188.6343;12369;213.8277;216.7237;224.1723;196;35;239;239
32.42985;223.9747;196.5944;192.3292;2409;223.5967;198.7143;193.9087;4567;218.6520;192.9669;187.9329;6077;220.2594;193.8666;189.0573;6890;219.9532;194.1389;189.2668;12257;214.3383;217.7672;224.8702;196;35;239;239
32.45171;223.9747;196.5944;192.3292;2409;223.5967;198.7143;193.9087;4567;218.6520;192.9669;187.9329;6077;220.2594;193.8666;189.0573;6890;219.9532;194.1389;189.2668;12257;214.3383;217.7672;224.8702;196;35;239;239
32.49354;222.0435;193.3001;190.1763;2416;222.0230;195.2367;191.8315;4648;219.2510;193.6218;188.3166;6007;220.0984;193.2772;188.7169;6857;219.7431;193.3045;188.8150;12239;213.9326;217.2670;224.6033;196;35;239;239
32.51714;222.0435;193.3001;190.1763;2416;222.0230;195.2367;191.8315;4648;219.2510;193.6218;188.3166;6007;220.0984;193.2772;188.7169;6857;219.7431;193.3045;188.8150;12239;213.9326;217.2670;224.6033;196;35;239;239
32.55587;224.3131;197.3618;193.6448;2424;224.3092;199.8153;195.8149;4635;217.3677;191.5439;186.8541;6064;219.5863;193.2192;188.9162;6920;219.3960;193.6378;189.2668;12307;214.2510;217.6499;224.8419;196;35;239;239
32.57768;224.3131;197.3618;193.6448;2424;224.3092;199.8153;195.8149;4635;217.3677;191.5439;186.8541;6064;219.5863;193.2192;188.9162;6920;219.3960;193.6378;189.2668;12307;214.2510;217.6499;224.8419;196;35;239;239
32.61625;222.0155;192.6245;189.7249;2450;222.0526;195.5900;191.6019;4637;219.4689;194.4895;189.1748;6057;220.3742;193.6979;189.2819;6881;219.9645;194.0038;189.2673;12288;214.3845;218.0677;225.2250;196;35;239;239
32.63832;222.0155;192.6245;189.7249;2450;222.0526;195.5900;191.6019;4637;219.4386;194.3438;189.0223;6112;220.3553;193.6022;189.1801;6842;220.0686;194.1608;189.3965;12155;214.3845;218.0677;225.2250;196;35;238;238
32.67724;223.3097;195.5276;192.4238;2409;223.2232;197.9060;193.9391;4583;217.4600;191.7605;187.0757;6087;219.0817;192.4442;188.2412;6804;219.4147;193.5477;189.2902;12059;213.9490;217.0243;224.2654;196;35;238;238
32.73390;223.0905;195.6429;191.7973;2442;223.1991;197.8282;193.7055;4662;218.7290;192.8160;188.1050;6093;220.1106;193.5976;189.1654;6737;220.0828;194.2246;189.7575;12236;214.3243;217.2654;224.6326;196;35;238;238
32.78195;223.0905;195.6429;191.7973;2442;223.1991;197.8282;193.7055;4662;218.7290;192.8160;188.1050;6093;220.1106;193.5976;189.1654;6737;220.0828;194.2246;189.7575;12236;214.3243;217.2654;224.6326;196;35;238;238
32.80403;221.8212;193.7050;190.9861;2366;221.7164;195.8304;192.2871;4605;218.9151;193.5975;189.0097;6057;219.7690;193.3436;189.4034;6726;219.6009;193.8090;189.6668;12078;214.0723;217.6887;224.9221;196;35;238;238
32.84823;221.8212;193.7050;190.9861;2366;221.7164;195.8304;192.2871;4605;218.9151;193.5975;189.0097;6057;219.7690;193.3436;189.4034;6726;219.6009;193.8090;189.6668;12078;214.0723;217.6887;224.9221;196;35;238;238
32.87092;224.5632;198.0261;194.2109;2413;224.6704;200.1792;196.0172;4605;217.7017;191.4548;186.3909;5974;220.0704;193.5320;188.8687;6695;220.0790;194.2402;189.5825;12035;214.3857;217.4376;224.6784;196;35;238;238
32.91427;224.5632;198.0261;194.2109;2413;224.6704;200.1792;196.0172;4605;217.7017;191.4548;186.3909;5974;220.0704;193.5320;188.8687;6695;220.0790;194.2402;189.5825;12035;214.3857;217.4376;224.6784;196;35;238;238
32.93803;222.5582;194.6123;190.6065;2404;222.1571;196.3842;192.1055;4633;220.2441;195.3114;189.9872;5924;220.7907;194.6227;189.9346;6771;220.5148;194.9662;190.1489;12085;214.5465;217.5598;224.8380;196;34;239;239
32.98105;222.5582;194.6123;190.6065;2404;222.1571;196.3842;192.1055;4633;220.2441;195.3114;189.9872;5924;220.7907;194.6227;189.9346;6771;220.5148;194.9662;190.1489;12085;214.5465;217.5598;224.8380;196;34;239;239
33.00374;223.3991;196.1005;192.5963;2398;222.9658;197.8883;194.0637;4585;217.6370;191.2258;186.2870;5983;219.4678;192.4209;188.1352;6736;219.2069;192.9519;188.5109;12179;214.2764;217.9888;225.0258;196;34;239;239
33.04539;223.2509;195.5476;192.0378;2383;222.6864;197.2932;193.1518;4598;218.6815;193.2388;188.2251;5855;220.2233;193.7556;189.1625;6694;219.7265;193.9886;189.4869;12057;214.5716;217.6909;224.7690;196;34;239;239
33.06605;223.3733;195.5694;192.0886;2392;222.9064;197.4847;193.2963;4613;218.7016;193.3370;188.3767;5894;220.2409;193.8361;189.3063;6712;219.6232;193.8544;189.3889;12091;214.5716;217.6909;224.7690;197;34;239;239
33.10630;222.6263;192.8551;190.9186;2395;222.5907;195.2120;192.3506;4566;219.3164;192.4725;187.6585;5907;220.4320;192.3625;188.5830;6736;219.9267;192.6348;188.5587;12036;214.3651;218.0769;225.1612;197;34;239;239
33.12854;222.6263;192.8551;190.9186;2395;222.5907;195.2120;192.3506;4566;219.3164;192.4725;187.6585;5907;220.4320;192.3625;188.5830;6736;219.9267;192.6348;188.5587;12036;214.3651;218.0769;225.1612;197;34;239;239
33.16575;224.2142;197.7282;194.5921;2395;224.0114;199.4822;195.7967;4575;217.2082;190.7252;185.8008;5913;219.4487;192.7654;188.4603;6770;219.3511;193.1842;188.8274;12037;214.3606;217.5474;224.6235;197;34;239;239
33.18910;224.2181;197.6296;194.5122;2384;224.1923;199.6278;195.9006;4586;217.1581;190.6295;185.7162;5941;219.4514;192.8886;188.5936;6761;219.5713;193.5166;189.1244;11997;214.3606;217.5474;224.6235;198;34;238;238
33.23000;221.8396;192.8698;190.0086;2450;221.5378;194.8837;191.1610;4652;219.8342;194.3693;189.6658;6014;220.5961;193.7427;189.7362;6771;220.0996;193.8884;189.5999;12138;214.3791;217.7400;224.8985;198;34;238;238
33.26152;223.5458;195.7560;192.4973;2389;223.5295;198.0933;194.5234;4597;217.7607;190.8081;187.0354;5989;219.6524;192.4576;188.8793;6738;219.6977;193.0143;189.3819;11960;214.2587;217.2942;224.6331;198;34;238;238
33.30183;223.5458;195.7560;192.4973;2389;223.5295;198.0933;194.5234;4597;217.7607;190.8081;187.0354;5989;219.6524;192.4576;188.8793;6738;219.6977;193.0143;189.3819;11960;214.2587;217.2942;224.6331;198;34;238;238
33.32539;223.1117;195.0808;191.2469;2426;223.0180;197.3795;193.1525;4656;219.2277;193.1445;188.1222;5981;220.4872;193.6457;189.0619;6741;220.3502;194.1344;189.4633;12140;214.6598;217.6380;224.8303;198;34;238;238
33.36614;223.1117;195.0808;191.2469;2426;223.0180;197.3795;193.1525;4656;219.2277;193.1445;188.1222;5981;220.4872;193.6457;189.0619;6741;220.3502;194.1344;189.4633;12140;214.6598;217.6380;224.8303;198;34;238;238
33.38943;222.1037;193.3442;189.7933;2400;222.1150;195.7608;191.6505;4607;219.1547;192.7439;188.1810;5966;220.1077;192.7146;188.4209;6710;219.8767;193.2695;188.9788;11942;214.0775;216.9825;224.3569;198;34;238;238
33.42821;222.1037;193.3442;189.7933;2400;222.1150;195.7608;191.6505;4607;219.1547;192.7439;188.1810;5966;220.1077;192.7146;188.4209;6710;219.8767;193.2695;188.9788;11942;214.0775;216.9825;224.3569;198;34;238;238
33.45356;224.5918;197.5819;194.3929;2423;224.5775;199.7442;195.7971;4667;218.4882;191.5626;186.4920;6077;220.5279;193.3857;188.9653;6829;220.4620;194.1215;189.5056;12121;214.5045;217.6226;224.7627;198;34;238;238
33.49324;224.5918;197.5819;194.3929;2423;224.5775;199.7442;195.7971;4667;218.4882;191.5626;186.4920;6077;220.5279;193.3857;188.9653;6829;220.4620;194.1215;189.5056;12121;214.5045;217.6226;224.7627;198;34;238;238
33.51568;222.5987;193.7229;190.6973;2375;222.2202;196.1331;192.1399;4604;220.4474;195.1334;190.1239;5995;221.2505;194.5908;190.3688;6730;220.6627;194.7942;190.2198;12001;214.4477;218.0591;225.3277;198;34;238;238
33.56491;224.1043;196.5209;193.5705;2398;224.0504;198.9877;195.1592;4647;218.1490;191.9038;187.1439;5978;220.2055;193.4076;189.1289;6719;219.8477;193.7674;189.4800;12104;214.3556;218.1615;225.2696;198;34;238;238
33.58558;223.9089;196.3680;193.4911;2372;223.7955;198.7265;194.9341;4611;218.2508;191.9496;187.1497;5978;220.1496;193.3212;189.0294;6666;219.9244;193.8556;189.5254;12044;214.3556;218.1615;225.2696;197;34;238;238
33.62949;223.2050;195.8281;191.8959;2420;222.9920;198.0215;193.5492;4643;219.9302;194.2823;189.1013;5990;220.9879;194.5662;189.9216;6759;220.7971;195.3349;190.4551;12040;214.5378;217.5903;224.8014;197;34;238;238
33.65206;222.9449;195.6257;191.7218;2394;222.9049;198.0364;193.5582;4670;220.0294;194.3235;189.0829;5994;221.0303;194.6233;189.9034;6709;220.8353;195.4083;190.5160;12082;214.5378;217.5903;224.8014;196;34;238;238
33.69348;222.9428;193.8946;189.8082;2362;222.3631;195.8421;191.4168;4643;219.1755;193.4331;188.2390;6137;220.4411;193.2933;188.4895;6760;219.8967;193.6833;188.8565;12240;214.3409;218.4180;225.4863;196;34;238;238
33.71627;222.9147;194.0207;189.9038;2369;222.1652;195.6340;191.2771;4626;219.2704;193.5769;188.3538;6102;220.4003;193.2720;188.4364;6850;219.8125;193.4814;188.6630;12297;214.3409;218.4180;225.4863;195;34;239;239
33.75297;225.0795;198.4354;194.7669;2377;224.7288;200.1160;196.1459;4613;218.3113;192.0945;187.0642;6008;220.2966;193.4623;189.0013;6786;220.1905;194.2182;189.6328;12211;214.5872;218.1546;225.2539;195;34;239;239
33.77491;225.1453;198.4258;194.7412;2353;225.0902;200.9401;196.7668;4558;218.1528;191.8837;186.9071;6080;220.3450;193.5248;189.0491;6679;220.5237;194.8310;190.1503;12162;214.5872;218.1546;225.2539;196;34;237;237
33.81337;221.9671;193.5621;190.0427;2343;222.3297;196.7565;192.6122;4562;220.6970;195.4052;190.3706;5980;221.3231;194.5392;190.0357;6528;220.9786;195.3285;190.6774;12032;214.4633;217.9627;225.1883;196;34;237;237
33.83505;221.9671;193.5621;190.0427;2343;222.3297;196.7565;192.6122;4562;221.0130;195.6771;190.5748;5856;221.2799;194.3681;189.8647;6549;220.9786;195.3056;190.6466;12080;214.4633;217.9627;225.1883;196;34;236;236
33.87378;224.0962;196.6325;192.7630;2359;224.3799;199.7731;195.3322;4522;218.7269;192.3308;187.5939;6092;220.2041;192.8551;188.4213;6674;220.3992;194.3459;189.8150;12223;214.2498;218.0616;225.1186;196;34;236;236
33.93514;223.0868;194.8771;191.1748;2351;223.3347;197.5044;193.3637;4496;220.0619;194.9967;189.7797;6118;220.7999;194.1418;189.5004;6687;220.6698;195.0329;190.3148;12204;214.4764;217.4515;224.7564;196;34;235;235
33.98181;223.0868;194.8771;191.1748;2351;223.3347;197.5044;193.3637;4496;220.0619;194.9967;189.7797;6118;220.7999;194.1418;189.5004;6687;220.6698;195.0329;190.3148;12204;214.4764;217.4515;224.7564;196;34;235;235
34.00390;221.9767;193.0486;190.1315;2365;222.4006;196.2895;192.6631;4521;219.5379;193.3534;188.4308;5984;220.0141;192.4166;188.2691;6682;220.0723;193.6141;189.2733;12027;213.9616;217.3978;224.7484;196;34;235;235
34.04602;221.9767;193.0486;190.1315;2365;222.4006;196.2895;192.6631;4521;219.5379;193.3534;188.4308;5984;220.0141;192.4166;188.2691;6682;220.0723;193.6141;189.2733;12027;213.9616;217.3978;224.7484;196;34;235;235
34.06833;224.5542;197.9544;194.6301;2344;224.3799;200.3473;196.4665;4448;218.8419;193.0809;187.6291;6021;220.3985;193.8756;189.1208;6589;220.4180;194.9841;190.2649;11914;214.4974;217.6322;224.8035;196;34;235;235
34.11034;224.5542;197.9544;194.6301;2344;224.3799;200.3473;196.4665;4448;218.8419;193.0809;187.6291;6021;220.3985;193.8756;189.1208;6589;220.4180;194.9841;190.2649;11914;214.4974;217.6322;224.8035;196;34;235;235
34.13249;222.5552;193.4469;190.3459;2356;222.3542;196.1415;192.3319;4489;221.0379;195.9763;190.3577;5997;221.4352;194.2920;189.5643;6486;220.9118;195.2083;190.4241;12008;214.3563;217.7168;225.0706;196;34;234;234
34.17498;222.5552;193.4469;190.3459;2356;222.3542;196.1415;192.3319;4489;221.0379;195.9763;190.3577;5997;221.4352;194.2920;189.5643;6486;220.9118;195.2083;190.4241;12008;214.3563;217.7168;225.0706;196;34;234;234
34.19721;224.1022;196.8455;193.3453;2369;224.0642;199.2341;195.4259;4515;218.6561;192.3697;187.1416;6016;220.1215;192.9236;188.2696;6570;220.0017;193.9425;189.4113;12119;213.9009;217.4610;224.6348;196;34;234;234
34.23847;222.9105;195.1200;191.0115;2358;222.7345;197.3141;192.7876;4482;219.9953;194.7922;189.6723;5914;220.8764;194.0759;189.5337;6545;220.4189;194.9219;190.1320;11929;214.3453;218.0259;225.1474;196;34;234;234
34.26111;222.8702;194.7863;190.8027;2326;222.4457;196.6370;192.2447;4353;219.9341;194.6027;189.4701;5965;220.7586;193.7308;189.2436;6534;220.2580;194.5443;189.7816;11838;214.3453;218.0259;225.1474;196;35;233;233
34.29813;221.2271;192.1852;189.0038;2365;221.3121;194.9556;191.3404;4480;218.8174;192.9509;187.2270;6009;219.2146;191.6472;187.0141;6525;219.3886;193.0443;188.2288;12037;213.7814;217.7046;224.8877;196;35;233;233
34.31975;221.2271;192.1852;189.0038;2365;221.5335;195.2584;191.5765;4512;218.9717;193.1819;187.4567;5975;219.2431;191.8233;187.1499;6496;219.4702;193.2060;188.3683;12016;213.7814;217.7046;224.8877;196;35;234;234
34.35703;223.5888;196.9783;193.1730;2347;223.6747;199.0473;195.0556;4500;218.5394;192.5244;187.3833;5995;219.6116;192.6977;188.1114;6560;220.0712;194.4424;189.8339;12052;214.1933;217.7561;224.9442;196;35;234;234
34.37796;223.3813;196.4049;192.7115;2329;223.2409;198.2584;194.4124;4416;218.3520;192.1244;186.9987;6006;219.4740;192.3388;187.8193;6540;219.8777;194.0477;189.4811;12016;214.1933;217.7561;224.9442;196;36;233;233
34.41491;221.6138;192.2645;189.0840;2382;221.1788;194.2499;190.5330;4486;220.9445;195.7467;190.5813;5950;220.4781;193.2559;188.8371;6519;220.5347;194.4703;189.9420;11953;214.1689;217.9259;225.1753;196;36;233;233
34.46191;223.7051;195.5319;192.0943;2333;223.8300;198.7502;194.8350;4424;217.7604;191.6421;186.5197;6001;219.4332;192.0997;187.6721;6588;219.4936;193.5112;188.9101;11961;213.9218;217.5119;224.8153;196;36;235;235
34.50193;223.7051;195.5319;192.0943;2333;223.8300;198.7502;194.8350;4424;217.7604;191.6421;186.5197;6001;219.4332;192.0997;187.6721;6588;219.4936;193.5112;188.9101;11961;213.9218;217.5119;224.8153;196;36;235;235
34.52562;222.1998;193.3325;190.3540;2277;221.9402;196.1370;192.5188;4329;220.1480;194.5428;189.2529;5938;220.4489;193.3765;188.7573;6540;220.3034;194.4143;189.9365;11742;214.1615;217.4518;224.8497;196;36;235;235
34.56915;222.1998;193.3325;190.3540;2277;221.9402;196.1370;192.5188;4329;220.1480;194.5428;189.2529;5938;220.4489;193.3765;188.7573;6540;220.3034;194.4143;189.9365;11742;214.1615;217.4518;224.8497;196;36;235;235
34.58989;221.5009;191.8621;189.5026;2328;221.4035;195.2665;192.0315;4439;218.7442;192.3521;187.2860;5930;219.2146;191.2773;187.1805;6588;219.3333;192.7516;188.4648;11912;213.7554;217.4155;224.7639;196;36;235;235
34.63179;221.5009;191.8621;189.5026;2328;221.4035;195.2665;192.0315;4439;218.7442;192.3521;187.2860;5930;219.2146;191.2773;187.1805;6588;219.3333;192.7516;188.4648;11912;213.7554;217.4155;224.7639;196;36;235;235
34.65372;222.7878;195.0046;192.3727;2380;222.7722;197.6161;194.1986;4517;218.1928;191.7979;186.8386;5928;219.3015;192.0157;187.9102;6604;219.5700;193.4274;189.1125;11943;214.3892;217.9222;225.0578;196;36;235;235
34.69822;222.7878;195.0046;192.3727;2380;222.7722;197.6161;194.1986;4517;218.1928;191.7979;186.8386;5928;219.3015;192.0157;187.9102;6604;219.5700;193.4274;189.1125;11943;214.3892;217.9222;225.0578;196;36;235;235
34.72126;221.9922;192.0168;189.8064;2319;221.9396;195.0552;191.8099;4308;220.1437;194.9288;189.6478;5915;220.5425;193.4248;189.2109;6572;220.4529;194.4810;189.9908;11662;214.1557;217.3998;224.6732;196;36;235;235
34.76482;223.2696;195.2003;192.1537;2296;223.3337;198.1292;194.5467;4450;217.9139;191.1173;186.4129;5944;219.4000;191.6998;187.6458;6545;219.6938;193.2849;189.0527;11845;213.9695;217.3597;224.5776;196;36;235;235
34.78714;223.2696;195.2003;192.1537;2296;223.3337;198.1292;194.5467;4450;217.9139;191.1173;186.4129;5944;219.4000;191.6998;187.6458;6545;219.6938;193.2849;189.0527;11845;213.9695;217.3597;224.5776;196;36;235;235
34.82945;222.2833;192.6188;189.5547;2277;221.9039;195.0077;191.2996;4422;220.1891;194.7640;189.7658;5965;220.3214;193.1125;188.7869;6543;220.5969;194.3161;189.8457;11672;214.3281;218.0761;225.1780;196;36;235;235
34.85147;222.7673;193.4482;190.1630;2338;222.5831;196.0926;192.1473;4461;220.1025;194.7347;189.7451;5892;220.5109;193.4016;189.0094;6604;220.8923;194.8312;190.2585;11821;214.3281;218.0761;225.1780;196;35;236;236
34.89327;221.7714;191.5257;189.2835;2353;222.4667;195.7826;192.4050;4521;218.8094;192.1652;186.7291;5866;219.3692;190.8413;186.6228;6577;219.6336;192.6819;188.2740;12111;213.7347;217.6100;224.9768;196;35;236;236
34.91613;221.7714;191.5257;189.2835;2353;222.4667;195.7826;192.4050;4521;218.8094;192.1652;186.7291;5866;219.3692;190.8413;186.6228;6577;219.6336;192.6819;188.2740;12111;213.7347;217.6100;224.9768;196;35;236;236
34.95348;223.7489;196.0824;192.7806;2306;224.0852;199.0865;195.2278;4473;218.5487;192.1380;187.3833;5940;219.7846;192.5134;188.2805;6513;220.2096;193.9859;189.7734;12063;214.1712;217.5483;224.8075;196;35;236;236
34.97059;223.7362;195.6665;192.4632;2312;223.9589;198.5516;194.8101;4407;218.2096;191.6718;186.9763;5896;219.6644;192.2353;188.0978;6523;220.0238;193.5779;189.4197;11912;214.1712;217.5483;224.8075;197;36;236;236
35.00929;220.7114;190.8637;187.3813;2363;221.0104;194.0478;189.9371;4500;219.8720;194.0855;189.1278;5681;220.0392;192.7123;188.3483;6532;219.9612;193.3784;188.8675;11740;214.0056;217.8867;224.9817;197;36;236;236
35.03078;220.7648;190.8628;187.3468;2347;221.2393;194.1849;190.0548;4504;219.7352;194.0306;189.1236;5680;219.9593;192.6446;188.3137;6519;220.0014;193.3583;188.8455;11718;214.0056;217.8867;224.9817;198;36;236;236
35.06729;223.8985;196.3111;192.6473;2237;224.6637;199.7611;195.4348;4303;217.4007;190.5213;185.7219;5793;219.6190;192.2527;187.8487;6459;219.9623;193.5006;188.9598;11665;213.7872;217.1262;224.3263;198;36;236;236
35.13435;221.9118;192.7520;189.8799;2290;222.1142;195.7049;191.8403;4422;219.1629;193.9165;188.8439;5784;220.0816;193.0473;188.7554;6496;219.9068;193.8805;189.3162;11763;214.1309;217.5926;224.9000;198;36;236;236
35.18285;221.9118;192.7520;189.8799;2290;222.1142;195.7049;191.8403;4422;219.1629;193.9165;188.8439;5784;220.0816;193.0473;188.7554;6496;219.9068;193.8805;189.3162;11763;214.1309;217.5926;224.9000;198;36;236;236
35.20331;221.7003;192.2930;189.5919;2382;222.3342;196.0920;192.5125;4476;217.7950;191.4750;186.2614;5804;219.1141;191.5613;187.2213;6643;219.4318;192.7236;188.3380;11877;213.9923;218.1993;225.3288;198;36;236;236
35.24509;221.7003;192.2930;189.5919;2382;222.3342;196.0920;192.5125;4476;217.7950;191.4750;186.2614;5804;219.1141;191.5613;187.2213;6643;219.4318;192.7236;188.3380;11877;213.9923;218.1993;225.3288;198;36;236;236
35.26732;223.4782;196.0856;192.7273;2336;223.5865;198.9000;194.6388;4491;218.0329;192.3046;186.4438;5782;219.6450;193.0512;187.9642;6560;220.0154;194.2360;189.1082;11781;214.3598;217.9777;225.0669;198;36;236;236
35.30740;223.4782;196.0856;192.7273;2336;223.5865;198.9000;194.6388;4491;218.0329;192.3046;186.4438;5782;219.6450;193.0512;187.9642;6560;220.0154;194.2360;189.1082;11781;214.3598;217.9777;225.0669;198;36;236;236
35.32945;223.0414;193.7316;190.3989;2269;223.0133;196.5182;192.6742;4371;219.4559;193.8943;188.4818;5810;220.7883;193.8290;189.1160;6490;220.5710;194.2464;189.5480;11799;214.2055;218.0358;225.3191;198;36;236;236
35.37032;223.0414;193.7316;190.3989;2269;223.0133;196.5182;192.6742;4371;219.4559;193.8943;188.4818;5810;220.7883;193.8290;189.1160;6490;220.5710;194.2464;189.5480;11799;214.2055;218.0358;225.3191;198;36;236;236
35.39086;225.0048;197.2144;193.6739;2309;225.1094;200.1751;196.0970;4404;218.1055;191.3219;186.7295;5794;220.2945;192.9507;188.8740;6549;220.3856;193.9702;189.5620;11770;214.1111;217.6610;224.7874;198;36;236;236
35.42789;221.9801;192.8391;189.8145;2356;222.1736;196.1979;192.0387;4523;220.3852;194.7080;190.0533;5932;220.6571;193.3660;189.3765;6666;220.6125;194.4819;189.9355;12013;214.4548;218.1691;225.3622;198;36;236;236
35.44926;221.9801;192.8391;189.8145;2356;222.1736;196.1979;192.0387;4523;220.3852;194.7080;190.0533;5932;220.6571;193.3660;189.3765;6666;220.6125;194.4819;189.9355;12013;214.4548;218.1691;225.3622;198;36;236;236
35.48659;222.4705;193.5537;190.6481;2319;223.0240;196.8624;193.2411;4491;218.1955;191.6034;186.7424;5963;219.3965;191.6528;187.4891;6625;219.5861;192.8842;188.5906;11992;213.8014;216.9782;224.2851;198;36;236;236
35.50794;222.0856;192.7004;190.0070;2290;222.4548;195.8480;192.4938;4435;218.1740;191.4732;186.5951;6006;219.2494;191.3482;187.2526;6596;219.4342;192.5774;188.3673;11892;213.8014;216.9782;224.2851;198;37;235;235
35.54979;223.3850;195.6798;192.3963;2314;223.1410;197.9128;194.1959;4447;218.4009;191.7664;186.7760;5780;219.9910;192.7735;188.4828;6551;219.9848;193.6708;189.2699;11725;214.3300;217.7403;224.7271;198;37;235;235
35.57064;223.4438;195.6829;192.3920;2296;223.3731;198.1533;194.3675;4476;218.1809;191.5367;186.5911;5728;219.8076;192.5298;188.2392;6501;219.9843;193.6225;189.2138;11742;214.3300;217.7403;224.7271;198;37;236;236
35.61176;220.7851;190.3103;187.4183;2369;221.8087;194.1271;190.7729;4531;220.0223;194.0537;189.5268;5733;220.0688;192.1984;188.2846;6588;220.4006;193.4903;189.3807;11825;213.9983;217.7448;225.1069;198;37;236;236
35.66190;224.3276;195.5068;192.6671;2277;224.9056;199.2073;195.3109;4375;217.6036;191.0567;186.0716;5946;219.6546;192.0969;187.9202;6639;219.8955;193.3593;188.8948;11866;213.8730;217.3135;224.6152;198;37;236;236
35.70596;224.3276;195.5068;192.6671;2277;224.9056;199.2073;195.3109;4375;217.6036;191.0567;186.0716;5946;219.6546;192.0969;187.9202;6639;219.8955;193.3593;188.8948;11866;213.8730;217.3135;224.6152;198;37;236;236
35.72591;221.5636;190.9358;189.6903;2351;221.8174;194.7457;192.0728;4475;220.6256;194.9569;189.8758;5844;220.6799;192.9476;189.1988;6586;220.7215;194.1444;190.0496;11845;214.0710;217.7796;224.9666;198;37;236;236
35.76713;221.5636;190.9358;189.6903;2351;221.8174;194.7457;192.0728;4475;220.6256;194.9569;189.8758;5844;220.6799;192.9476;189.1988;6586;220.7215;194.1444;190.0496;11845;214.0710;217.7796;224.9666;198;37;236;236
35.78951;222.2521;192.9173;189.9282;2285;222.5501;196.5485;192.6107;4421;218.1965;191.7617;186.2853;5874;219.2116;191.4966;186.7274;6544;219.4740;192.8060;188.0217;11879;213.5126;216.6642;224.1166;198;37;236;236
35.82960;222.2521;192.9173;189.9282;2285;222.5501;196.5485;192.6107;4421;218.1965;191.7617;186.2853;5874;219.2116;191.4966;186.7274;6544;219.4740;192.8060;188.0217;11879;213.5126;216.6642;224.1166;198;37;236;236
35.85347;223.5685;195.2851;192.5773;2276;223.6518;198.2000;194.6308;4466;218.6842;192.9104;187.4138;5868;220.0435;193.1030;188.4924;6485;220.3667;194.1821;189.4843;11821;214.2801;217.9016;225.0093;198;37;236;236
35.89393;223.5685;195.2851;192.5773;2276;223.6518;198.2000;194.6308;4466;218.6842;192.9104;187.4138;5868;220.0435;193.1030;188.4924;6485;220.3667;194.1821;189.4843;11821;214.2801;217.9016;225.0093;198;37;236;236
35.91514;221.8268;192.4557;189.7270;2315;222.3808;196.0731;192.2209;4404;219.4897;194.3980;189.1806;5904;220.3683;193.6742;189.4171;6590;220.1314;194.1533;189.4102;11862;213.8769;217.3887;224.9004;197;36;236;236
35.96565;223.8373;196.1962;192.4691;2360;224.5676;199.7879;195.5788;4475;218.3824;192.2986;187.4360;5897;220.1225;193.0926;188.5993;6596;220.4074;194.4205;189.8876;12027;213.9635;217.1361;224.3665;197;36;236;236
35.98639;223.5907;195.9610;192.2960;2331;224.2249;199.3462;195.2253;4416;218.8588;192.8394;187.8603;5921;220.2469;193.2191;188.7131;6578;220.3279;194.3143;189.8071;11928;213.9635;217.1361;224.3665;197;36;235;235
36.02949;221.2260;192.1948;188.9384;2305;221.8448;195.5365;191.4066;4388;221.0618;196.6071;191.2099;5889;220.5289;194.0474;189.4536;6568;220.8163;195.3353;190.5709;11779;214.1514;217.4519;224.8432;197;36;235;235
36.05038;221.2728;192.3273;189.0454;2313;221.7922;195.5679;191.4426;4413;221.0047;196.4411;191.0267;5926;220.4973;193.9208;189.2975;6565;221.0435;195.6314;190.8122;11746;214.1514;217.4519;224.8432;196;36;235;235
36.09354;222.1054;193.4329;190.8210;2296;222.5367;197.0514;193.2867;4356;217.9926;191.7571;187.0428;5915;219.2473;191.8379;188.0974;6572;219.4212;193.2266;188.8074;11763;213.6208;216.8237;224.0911;196;36;235;235
36.11625;222.4620;194.2507;191.3921;2290;222.6902;197.1506;193.3560;4357;218.0163;191.8866;187.1803;5874;219.4512;192.2273;188.3485;6459;219.6271;193.4597;189.0333;11760;213.6208;216.8237;224.0911;197;36;234;234
36.15502;223.3723;195.8802;191.8896;2337;223.3491;198.1122;193.9250;4386;219.2086;193.7680;188.1802;5867;220.2969;193.6683;188.6174;6487;220.2646;194.5598;189.6476;11803;214.3043;217.3560;224.5548;197;36;234;234
36.17691;223.4219;195.8864;191.8812;2323;223.4292;198.0980;193.8781;4355;219.0603;193.6118;188.0439;5989;220.3109;193.6171;188.5682;6506;220.3907;194.6743;189.7376;11862;214.3043;217.3560;224.5548;198;36;233;233
36.21687;221.8916;192.7828;189.7487;2316;221.7377;195.1991;191.2656;4315;219.8407;194.4817;188.9624;5989;220.3042;193.2177;188.6185;6592;220.1235;193.9792;189.1654;11826;214.0328;217.7795;224.9803;198;36;233;233
36.23926;221.8916;192.7828;189.7487;2316;221.9477;195.5099;191.5273;4379;219.7596;194.4782;188.9914;5933;220.2683;193.2749;188.6904;6589;220.1461;194.0580;189.2292;11811;214.0328;217.7795;224.9803;198;36;234;234
36.27751;223.8478;197.0536;193.5601;2312;224.2119;199.5127;195.4696;4385;217.9322;192.1530;187.1728;6014;219.6241;193.1612;188.7268;6582;219.7847;194.0126;189.4533;11956;214.3355;217.8212;224.7903;198;36;234;234
36.33400;221.1151;191.9320;189.7833;2354;221.2440;194.6784;191.5278;4418;220.4043;195.4103;189.7346;5874;220.3892;193.5625;189.2090;6555;220.4833;194.5655;189.9560;11799;214.3647;217.5516;224.8278;197;36;234;234
36.37640;221.1151;191.9320;189.7833;2354;221.2440;194.6784;191.5278;4418;220.4043;195.4103;189.7346;5874;220.3892;193.5625;189.2090;6555;220.4833;194.5655;189.9560;11799;214.3647;217.5516;224.8278;197;36;234;234
36.39828;221.5618;192.8878;189.5648;2291;222.2972;196.4830;192.6387;4404;218.2024;191.9026;186.7723;5925;219.1097;191.6607;187.1504;6554;219.4882;193.0621;188.5123;11795;213.6914;216.5977;224.0075;196;36;235;235
36.44049;221.5618;192.8878;189.5648;2291;222.2972;196.4830;192.6387;4404;218.2024;191.9026;186.7723;5925;219.1097;191.6607;187.1504;6554;219.4882;193.0621;188.5123;11795;213.6914;216.5977;224.0075;196;36;235;235
36.46249;222.9844;194.9362;191.7218;2304;223.1235;197.7719;193.8119;4520;218.5483;193.0203;188.2229;5900;219.5924;192.9273;188.7528;6631;219.9979;194.1611;189.7187;11970;214.4701;217.3694;224.6427;196;36;236;236
36.50201;222.9844;194.9362;191.7218;2304;223.1235;197.7719;193.8119;4520;218.5483;193.0203;188.2229;5900;219.5924;192.9273;188.7528;6631;219.9979;194.1611;189.7187;11970;214.4701;217.3694;224.6427;196;36;236;236
36.52233;221.9032;192.4627;189.4878;2263;221.6340;195.6122;191.5837;4415;219.5053;194.0269;188.8393;5838;220.1178;192.9895;188.4602;6477;219.8525;193.8134;189.1630;11896;214.0899;217.8119;225.0453;196;36;236;236
36.56114;221.9032;192.4627;189.4878;2263;221.6340;195.6122;191.5837;4415;219.5053;194.0269;188.8393;5838;220.1178;192.9895;188.4602;6477;219.8525;193.8134;189.1630;11896;214.0899;217.8119;225.0453;196;36;236;236
36.58260;224.1580;197.2585;193.4272;2259;224.6967;200.1397;196.0115;4246;217.9688;192.3191;187.3865;6029;219.5056;192.9733;188.5471;6547;220.1113;194.5636;190.0253;11759;214.3037;217.6196;224.7560;196;36;235;235
36.62145;221.6018;192.1137;189.5887;2278;221.3291;195.0162;191.3837;4443;220.4701;195.6051;190.3955;5873;220.5776;193.9188;189.6872;6515;220.3627;194.6121;190.0862;11839;214.2173;217.5095;224.6601;196;36;235;235
36.64412;222.1357;193.0034;190.2477;2321;222.0720;196.1449;192.2911;4514;220.5169;195.7375;190.5318;5841;220.7733;194.2219;189.9198;6558;220.6004;195.0461;190.4268;12026;214.2173;217.5095;224.6601;196;35;236;236
36.68562;222.6197;194.6586;191.3700;2343;223.2549;198.1325;194.0708;4504;218.4319;192.4614;188.0761;5967;219.1344;191.9581;188.0677;6629;219.7624;193.6879;189.4933;12132;213.9174;217.7532;224.7418;196;35;236;236
36.70692;222.6197;194.6586;191.3700;2343;223.2549;198.1325;194.0708;4504;218.1757;192.2273;187.9366;6101;219.3026;192.3509;188.4534;6617;219.5952;193.5129;189.3275;12002;213.9174;217.7532;224.7418;196;35;237;237
36.75004;223.2839;195.7049;192.4362;2304;223.3621;198.5728;194.5611;4443;219.5220;193.7534;188.7510;5989;220.7286;193.9334;189.4349;6521;220.5986;194.9996;190.4443;11800;214.3378;217.4875;224.6540;196;35;237;237
36.77148;223.3819;196.2324;192.8289;2349;223.0270;198.1147;194.2197;4561;219.6106;193.8509;188.7993;5974;220.9684;194.4023;189.8050;6574;220.6825;195.1026;190.5921;11956;214.3378;217.4875;224.6540;195;34;238;238
36.81351;222.6651;193.9903;191.0992;2368;221.9450;195.7281;192.2179;4604;219.7939;194.8995;189.3930;6008;220.5112;193.9558;189.3886;6636;220.3060;194.7110;190.0317;12038;213.7574;216.6871;224.0770;195;34;238;238
36.86188;223.5292;198.7158;194.8097;2396;224.1264;200.5937;196.4008;4516;218.4494;192.3749;187.0692;5999;220.0954;194.2892;189.5583;6656;220.4605;195.1999;190.3071;11982;214.2691;218.1387;225.1858;195;34;238;238
36.90102;223.5292;198.7158;194.8097;2396;224.1264;200.5937;196.4008;4516;218.4494;192.3749;187.0692;5999;220.0954;194.2892;189.5583;6656;220.4605;195.1999;190.3071;11982;214.2691;218.1387;225.1858;195;34;238;238
36.92585;222.1436;194.4826;190.8513;2354;221.8908;196.6614;192.4359;4542;220.9027;196.2959;191.2819;6012;221.0179;195.2130;190.7097;6630;220.8705;195.7607;191.1091;12055;214.1688;217.7207;224.9677;195;34;238;238
36.96524;222.1436;194.4826;190.8513;2354;221.8908;196.6614;192.4359;4542;220.9027;196.2959;191.2819;6012;221.0179;195.2130;190.7097;6630;220.8705;195.7607;191.1091;12055;214.1688;217.7207;224.9677;195;34;238;238
36.98958;223.3220;195.9490;191.5693;2410;223.5164;198.4920;194.0192;4636;218.6370;192.8824;187.3388;5903;219.8996;193.3937;188.1414;6724;220.2419;194.3082;189.3081;12075;214.0557;217.1537;224.4491;195;34;239;239
37.03128;223.3220;195.9490;191.5693;2410;223.5164;198.4920;194.0192;4636;218.6370;192.8824;187.3388;5903;219.8996;193.3937;188.1414;6724;220.2419;194.3082;189.3081;12075;214.0557;217.1537;224.4491;195;34;239;239
37.05338;223.9052;196.8287;192.8156;2457;223.4226;198.5153;194.2432;4650;219.3868;193.9161;189.0527;6058;220.9953;194.9140;190.3564;6777;220.6268;195.1433;190.5096;12169;214.5299;217.9401;225.0463;196;34;238;238
37.09426;223.9052;196.8287;192.8156;2457;223.4226;198.5153;194.2432;4650;219.3868;193.9161;189.0527;6058;220.9953;194.9140;190.3564;6777;220.6268;195.1433;190.5096;12169;214.5299;217.9401;225.0463;196;34;238;238
37.11720;222.2823;194.5975;189.9921;2405;222.3609;196.9113;192.0887;4578;219.6033;194.3529;189.3688;6166;220.2789;194.0522;189.2016;6799;220.2505;194.6189;189.7672;12146;214.2516;218.1670;225.2408;196;34;238;238
37.16573;225.0086;198.3198;195.0641;2433;224.6970;200.0373;196.0802;4664;217.8810;192.1628;186.8684;5898;220.3531;194.1735;189.4961;6690;220.2503;194.5974;190.0294;12038;214.1387;217.2121;224.3388;196;34;238;238
37.18726;225.0086;198.3198;195.0641;2433;224.6970;200.0373;196.0802;4664;217.8810;192.1628;186.8684;5898;220.3531;194.1735;189.4961;6690;220.2503;194.5974;190.0294;12038;214.1387;217.2121;224.3388;196;34;238;238
37.22962;222.4259;194.3924;190.4994;2421;222.1106;196.2365;192.3894;4664;220.4425;195.1463;190.1480;5968;221.1446;194.8349;190.2808;6770;220.6653;194.9111;190.4385;12007;214.4368;218.2351;225.2543;196;34;238;238
37.25281;222.4259;194.3924;190.4994;2421;222.1106;196.2365;192.3894;4664;220.4425;195.1463;190.1480;5968;221.1446;194.8349;190.2808;6770;220.6653;194.9111;190.4385;12007;214.4368;218.2351;225.2543;196;34;238;238
37.29370;224.3288;196.6568;193.1141;2366;224.1635;198.9742;195.3131;4570;217.8842;191.8075;186.5408;6030;219.9637;193.3982;188.5890;6667;220.0003;193.9481;189.4406;11990;213.8567;217.0322;224.3969;196;34;238;238
37.31474;224.3288;196.6568;193.1141;2366;224.1635;198.9742;195.3131;4570;217.8842;191.8075;186.5408;6030;219.9637;193.3982;188.5890;6667;220.0003;193.9481;189.4406;11990;213.8567;217.0322;224.3969;196;34;238;238
37.35480;223.7590;196.3789;192.7029;2407;223.3921;198.0971;193.8988;4616;219.2784;194.1319;188.5544;5951;220.7527;194.6572;189.7465;6741;220.3957;194.8520;189.8989;11994;214.3961;217.3232;224.4467;196;34;238;238
37.37733;223.4174;196.1318;192.4516;2374;223.1592;197.8591;193.6938;4578;219.3753;194.1301;188.5245;5956;220.8573;194.8455;189.8808;6701;220.4870;194.9895;190.0017;11960;214.3961;217.3232;224.4467;195;34;238;238
37.41604;222.5240;194.2628;190.7572;2397;222.5187;196.7880;192.8090;4556;219.2903;193.5214;188.4373;5969;220.4033;193.7675;189.2671;6757;220.2119;194.2673;189.5428;12024;213.8365;217.2668;224.4469;195;34;238;238
37.43807;222.5240;194.2628;190.7572;2397;222.5187;196.7880;192.8090;4556;219.2903;193.5214;188.4373;5969;220.4033;193.7675;189.2671;6757;220.2119;194.2673;189.5428;12024;213.8365;217.2668;224.4469;195;34;238;238
37.47701;224.3621;198.2537;194.9854;2400;224.3480;200.4039;196.5044;4635;217.9904;192.0148;186.6716;6020;220.0745;193.9748;189.2705;6739;220.1764;194.8548;190.1410;12060;214.1654;217.4165;224.3628;195;34;238;238
37.53364;222.6836;194.5384;190.7050;2383;222.7619;196.9842;192.6554;4556;220.7164;196.2113;190.2638;5826;221.2584;195.2995;190.1689;6695;220.9617;195.5647;190.3690;11943;214.2445;217.9087;225.0629;194;34;239;239
37.57378;222.6836;194.5384;190.7050;2383;222.7619;196.9842;192.6554;4556;220.7164;196.2113;190.2638;5826;221.2584;195.2995;190.1689;6695;220.9617;195.5647;190.3690;11943;214.2445;217.9087;225.0629;194;34;239;239
37.59605;224.3703;197.2527;193.8883;2382;224.5305;200.0385;195.7628;4624;218.4360;192.9428;187.5266;5982;220.3420;194.1146;189.4423;6821;220.0524;194.5170;189.6968;12222;214.0260;217.3304;224.4083;194;34;239;239
37.63650;224.3703;197.2527;193.8883;2382;224.5305;200.0385;195.7628;4624;218.4360;192.9428;187.5266;5982;220.3420;194.1146;189.4423;6821;220.0524;194.5170;189.6968;12222;214.0260;217.3304;224.4083;194;34;239;239
37.65985;223.6632;197.0451;192.3302;2417;223.0670;198.7445;194.0525;4626;219.6364;194.6115;189.4683;6039;221.1298;195.4830;190.4309;6793;220.6539;195.6061;190.6706;12102;214.7748;218.6731;225.6074;194;34;238;238
37.70078;223.6632;197.0451;192.3302;2417;223.0670;198.7445;194.0525;4626;219.6364;194.6115;189.4683;6039;221.1298;195.4830;190.4309;6793;220.6539;195.6061;190.6706;12102;214.7748;218.6731;225.6074;194;34;238;238
37.72413;222.1149;194.3145;190.8553;2350;222.3962;197.5438;193.3146;4513;219.4022;194.1290;188.7476;6077;220.1025;193.6569;188.8744;6680;220.3197;194.9710;190.0448;12044;214.0446;217.3707;224.4350;194;35;237;237
37.76339;222.1149;194.3145;190.8553;2350;222.3962;197.5438;193.3146;4513;219.4022;194.1290;188.7476;6077;220.1025;193.6569;188.8744;6680;220.3197;194.9710;190.0448;12044;214.0446;217.3707;224.4350;194;35;237;237
37.78582;223.8666;198.1621;194.0341;2406;224.5347;201.0564;196.4556;4539;218.9845;193.0919;187.9915;5986;220.3550;194.1431;189.3184;6653;220.7905;195.6014;190.7554;12004;214.2699;217.3263;224.5942;194;35;237;237
37.82439;222.4255;193.9292;190.6651;2329;222.5839;197.2362;193.3049;4487;220.5118;195.9561;190.5184;5928;221.1176;195.0388;190.2100;6572;221.0267;195.9202;191.1499;11775;214.3075;217.8589;225.0127;194;35;237;237
37.84226;222.1994;193.2722;190.1565;2307;222.3735;196.7053;192.8726;4442;220.6543;196.0187;190.5141;5779;220.7978;194.3831;189.6466;6502;220.9557;195.7241;190.9754;11760;214.3075;217.8589;225.0127;194;36;236;236
37.88574;223.3900;195.9615;192.9226;2287;224.1334;199.5905;195.6492;4364;218.3028;191.7556;187.1117;5892;219.5254;192.3891;188.2699;6576;220.1693;194.1408;189.8944;11864;214.1784;218.2104;225.3166;194;36;236;236
37.90744;223.3900;195.9615;192.9226;2287;224.1334;199.5905;195.6492;4364;218.3028;191.7556;187.1117;5892;219.5254;192.3891;188.2699;6576;220.1693;194.1408;189.8944;11864;214.1784;218.2104;225.3166;194;36;236;236
37.95015;223.2182;195.3572;191.4368;2301;222.9050;198.0449;193.5371;4409;219.4326;194.2206;188.9007;5874;220.3829;193.9334;189.1315;6579;220.5431;195.2780;190.3238;11916;214.6224;218.5205;225.3278;194;36;236;236
37.97132;223.2182;195.3572;191.4368;2301;222.9050;198.0449;193.5371;4409;219.4326;194.2206;188.9007;5874;220.3829;193.9334;189.1315;6579;220.5431;195.2780;190.3238;11916;214.6224;218.5205;225.3278;194;36;236;236
38.01354;221.3421;192.9163;189.4266;2365;221.6251;196.1384;192.3193;4529;218.8296;193.2958;187.3807;5926;219.4489;192.5463;187.3522;6661;219.6136;193.8041;188.7730;12118;213.8654;217.0967;224.2431;194;36;236;236
38.06184;224.9643;197.9948;194.0248;2295;224.9786;200.9919;196.3152;4439;218.0489;192.2746;186.8041;6075;220.1492;193.6879;188.7191;6550;220.5277;195.3117;190.1304;11948;214.2485;217.2176;224.4020;194;36;237;237
38.10112;224.9643;197.9948;194.0248;2295;224.9786;200.9919;196.3152;4439;218.0489;192.2746;186.8041;6075;220.1492;193.6879;188.7191;6550;220.5277;195.3117;190.1304;11948;214.2485;217.2176;224.4020;194;36;237;237
38.12382;222.0337;193.2731;190.6502;2347;221.4769;195.0874;191.9262;4554;220.4160;195.0162;190.2979;5911;220.8549;194.2679;190.3689;6652;220.6004;194.6374;190.4521;11897;214.2653;217.7681;224.8928;194;36;238;238
38.16496;222.0337;193.2731;190.6502;2347;221.4769;195.0874;191.9262;4554;220.4160;195.0162;190.2979;5911;220.8549;194.2679;190.3689;6652;220.6004;194.6374;190.4521;11897;214.2653;217.7681;224.8928;194;36;238;238
38.18963;223.1069;195.4315;191.7090;2357;222.9575;197.6513;193.5576;4591;218.1518;192.1786;187.2026;5987;219.3868;192.6728;188.2682;6632;219.9641;193.9928;189.3871;12021;214.0305;217.0549;224.2000;194;36;238;238
38.22907;223.1069;195.4315;191.7090;2357;222.9575;197.6513;193.5576;4591;218.1518;192.1786;187.2026;5987;219.3868;192.6728;188.2682;6632;219.9641;193.9928;189.3871;12021;214.0305;217.0549;224.2000;194;36;238;238
38.25366;222.7733;195.3203;191.8254;2245;222.8794;198.3100;194.1368;4336;219.8440;194.8922;189.4133;5865;220.4285;194.3439;189.5989;6592;220.5533;195.4899;190.6100;11835;214.4973;217.7700;224.9942;195;36;236;236
38.29433;222.7733;195.3203;191.8254;2245;222.8794;198.3100;194.1368;4336;219.8440;194.8922;189.4133;5865;220.4285;194.3439;189.5989;6592;220.5533;195.4899;190.6100;11835;214.4973;217.7700;224.9942;195;36;236;236
38.31532;222.0595;193.3778;189.6060;2287;222.6161;197.0644;192.8381;4423;218.6387;193.5705;187.7624;5870;219.6539;192.9618;187.8740;6541;219.9017;194.2966;189.1951;11948;214.0923;217.7765;224.7981;195;36;236;236
38.36581;223.5689;197.1658;193.6393;2401;223.9442;199.6117;195.8799;4497;218.5914;193.1191;187.3719;5876;219.9297;193.7150;188.8356;6653;220.1881;194.8671;189.8829;11983;214.6629;218.1309;225.0528;195;36;236;236
38.38673;223.5689;197.1658;193.6393;2401;223.9442;199.6117;195.8799;4497;218.5914;193.1191;187.3719;5876;219.9297;193.7150;188.8356;6653;220.1881;194.8671;189.8829;11983;214.6629;218.1309;225.0528;195;36;236;236
38.42955;222.4133;193.9621;190.7697;2267;222.8381;197.4791;193.2408;4440;220.4758;196.2244;190.5964;5864;220.9170;194.8864;190.0920;6577;221.0858;196.1553;191.1559;11905;214.5232;218.2099;225.3136;195;36;236;236
38.45130;222.4133;193.9621;190.7697;2267;222.8381;197.4791;193.2408;4440;220.4758;196.2244;190.5964;5864;220.9170;194.8864;190.0920;6577;221.0858;196.1553;191.1559;11905;214.5232;218.2099;225.3136;195;36;236;236
38.49270;222.8830;196.2686;192.1401;2334;223.6940;200.0570;195.3767;4457;217.7235;192.5144;186.8264;5888;219.4018;193.3240;188.1234;6612;219.6661;194.8363;189.6921;11919;213.9687;217.1657;224.3272;195;36;236;236
38.51547;222.8830;196.2686;192.1401;2334;223.6940;200.0570;195.3767;4457;217.7235;192.5144;186.8264;5888;219.4018;193.3240;188.1234;6612;219.6661;194.8363;189.6921;11919;213.9687;217.1657;224.3272;195;36;236;236
38.55422;222.7543;195.2214;191.6742;2308;222.8982;198.1352;193.8194;4380;220.0133;194.6336;189.1307;5851;220.9332;194.5605;189.8445;6559;220.7432;195.4970;190.4934;11854;214.6903;217.8426;224.7677;195;36;236;236
38.57590;222.4550;194.9693;191.4717;2279;222.8312;198.1602;193.8439;4407;219.9399;194.6019;189.1109;5941;220.9030;194.6147;189.8854;6502;220.8036;195.6137;190.5909;11842;214.6903;217.8426;224.7677;194;36;237;237
38.61319;221.9052;193.9082;190.0078;2310;222.6080;197.5078;193.1584;4413;218.1952;193.0258;187.7586;6018;219.3048;192.8651;188.1281;6598;219.7160;194.4699;189.5628;11877;214.1640;217.7344;224.8905;194;36;237;237
38.63450;221.9052;193.9082;190.0078;2310;222.6080;197.5078;193.1584;4413;218.1952;193.0258;187.7586;6018;219.3048;192.8651;188.1281;6598;219.7160;194.4699;189.5628;11877;214.1640;217.7344;224.8905;194;36;237;237
38.67446;224.4403;197.3859;194.3510;2296;224.4233;200.0014;196.1884;4415;218.8300;192.9742;187.4754;5772;220.4865;194.1147;189.3628;6392;220.7742;195.1761;190.3431;11567;214.5735;217.8731;224.9405;194;36;237;237
38.73404;220.6761;191.8323;189.0840;2356;221.4558;195.7153;191.6232;4535;220.5677;195.4454;190.0443;5732;220.4542;193.7857;189.3714;6499;220.5399;195.1011;190.2461;11846;214.5178;218.5007;225.3820;194;36;236;236
38.78159;220.6761;191.8323;189.0840;2356;221.4558;195.7153;191.6232;4535;220.5677;195.4454;190.0443;5732;220.4542;193.7857;189.3714;6499;220.5399;195.1011;190.2461;11846;214.5178;218.5007;225.3820;194;36;236;236
38.80370;223.6869;195.3221;192.3113;2319;223.9126;198.8980;194.8129;4462;218.2735;192.5693;187.0142;5902;219.7655;192.6750;187.9434;6553;220.0518;194.3083;189.4010;12019;214.2893;217.9569;224.9458;194;36;236;236
38.84686;223.6869;195.3221;192.3113;2319;223.9126;198.8980;194.8129;4462;218.2735;192.5693;187.0142;5902;219.7655;192.6750;187.9434;6553;220.0518;194.3083;189.4010;12019;214.2893;217.9569;224.9458;194;36;236;236
38.86870;222.2896;194.2515;190.5232;2286;222.5936;196.9917;192.6155;4437;220.3868;195.0297;189.3244;5796;220.7709;194.1579;189.2123;6478;220.8904;195.2327;190.1048;11768;214.4734;217.7199;224.9000;194;36;236;236
38.91366;222.2896;194.2515;190.5232;2286;222.5936;196.9917;192.6155;4437;220.3868;195.0297;189.3244;5796;220.7709;194.1579;189.2123;6478;220.8904;195.2327;190.1048;11768;214.4734;217.7199;224.9000;194;36;236;236
38.93505;221.3911;192.8258;190.1519;2337;221.7657;196.0641;192.3609;4525;218.6045;193.1357;187.3404;6026;219.4176;192.6000;187.8812;6605;219.5636;193.8149;188.8920;12027;213.9630;217.2953;224.4078;194;36;237;237
38.97897;221.3911;192.8258;190.1519;2337;221.7657;196.0641;192.3609;4525;218.6045;193.1357;187.3404;6026;219.4176;192.6000;187.8812;6605;219.5636;193.8149;188.8920;12027;213.9630;217.2953;224.4078;194;36;237;237
39.00189;223.9463;196.8383;192.6134;2307;224.3835;199.7867;195.4167;4449;218.8130;193.1520;187.0829;5888;220.0613;193.5923;188.1677;6504;220.6703;195.2468;189.8416;11858;214.4335;217.2862;224.1574;194;36;237;237
39.04556;221.3297;193.0257;189.5261;2372;221.7976;196.2682;192.1913;4481;220.2548;195.6337;189.9216;5984;220.4689;194.3403;189.4875;6605;220.5793;195.2813;190.1981;11909;214.4564;218.4747;225.3393;194;36;237;237
39.06763;221.3919;192.9949;189.4811;2355;222.0268;196.4725;192.3463;4508;220.2905;195.6287;189.9352;5893;220.3526;194.0848;189.2565;6625;220.5318;195.1785;190.1094;12006;214.4564;218.4747;225.3393;195;36;236;236
39.11099;223.2886;197.0290;192.9238;2311;224.4202;200.5847;196.0900;4467;218.0864;192.5042;186.8006;6008;219.3750;193.1607;187.9110;6616;220.0299;194.7960;189.6624;12110;214.0930;217.6674;224.7119;195;36;236;236
39.13242;223.2886;197.0290;192.9238;2311;224.4202;200.5847;196.0900;4467;217.8246;192.2794;186.6697;6128;219.5163;193.4734;188.2247;6603;220.0261;194.8205;189.6949;12064;214.0930;217.6674;224.7119;195;36;237;237
39.17567;222.7272;194.4340;190.2339;2309;222.8028;197.3174;192.4387;4502;220.3851;195.4183;189.9532;6025;221.0003;194.7459;189.6318;6572;221.0726;195.5512;190.3075;11936;214.5142;217.8140;224.7534;195;36;237;237
39.19634;222.7272;194.4340;190.2339;2309;222.8028;197.3174;192.4387;4502;220.3851;195.4183;189.9532;6025;221.0003;194.7459;189.6318;6572;221.0726;195.5512;190.3075;11936;214.5142;217.8140;224.7534;195;36;237;237
39.24314;223.0596;194.6907;190.5847;2331;223.1801;197.9590;192.9889;4514;218.9179;193.4140;187.6989;5921;220.3349;193.5568;188.4654;6581;220.2136;194.4686;189.0994;11896;214.1044;217.5163;224.6124;195;36;237;237
39.26528;224.4718;197.5886;193.7508;2319;224.7158;200.7680;196.2649;4465;218.4961;192.8276;187.4520;5922;220.7076;194.4794;189.6509;6540;220.5447;195.3320;190.2988;11882;214.6618;218.0841;225.0654;195;36;237;237
39.31096;224.4718;197.5886;193.7508;2319;224.7158;200.7680;196.2649;4465;218.4961;192.8276;187.4520;5922;220.7076;194.4794;189.6509;6540;220.5447;195.3320;190.2988;11882;214.6618;218.0841;225.0654;195;36;237;237
39.33258;222.2067;193.4424;189.9003;2337;221.8400;195.3577;191.4836;4520;220.2740;195.3104;190.0826;6019;220.8885;194.5880;189.9244;6692;220.4835;194.7308;190.1220;11971;214.0340;217.0813;224.4342;194;36;238;238
39.37783;222.2067;193.4424;189.9003;2337;221.8400;195.3577;191.4836;4520;220.2740;195.3104;190.0826;6019;220.8885;194.5880;189.9244;6692;220.4835;194.7308;190.1220;11971;214.0340;217.0813;224.4342;194;36;238;238
39.40128;224.3701;197.7062;193.9459;2291;224.0671;199.6332;195.5703;4501;218.1719;192.5998;186.9961;5869;220.0005;193.7730;188.8212;6612;219.9047;194.4195;189.5117;11879;214.2330;217.9365;224.9402;193;36;239;239
39.44520;224.3701;197.7062;193.9459;2291;224.0671;199.6332;195.5703;4501;218.1719;192.5998;186.9961;5869;220.0005;193.7730;188.8212;6612;219.9047;194.4195;189.5117;11879;214.2330;217.9365;224.9402;193;36;239;239
39.46662;222.1179;194.9274;190.9769;2299;221.8272;196.8482;192.8385;4439;220.1148;195.2215;189.3639;5820;220.8195;194.8704;189.7455;6566;220.3472;195.0966;190.0684;11744;214.6032;218.4491;225.4571;193;36;239;239
39.50882;222.1179;194.9274;190.9769;2299;221.8272;196.8482;192.8385;4439;220.1148;195.2215;189.3639;5820;220.8195;194.8704;189.7455;6566;220.3472;195.0966;190.0684;11744;214.6032;218.4491;225.4571;193;36;239;239
39.53193;222.8185;194.5789;190.7613;2325;222.4907;196.8002;192.6488;4510;218.0646;192.4854;187.0318;6038;219.6317;193.0938;188.0642;6682;219.4719;193.6934;188.8103;11986;214.0616;217.7022;224.8418;194;36;238;238
39.57616;223.8892;197.3342;193.4923;2346;223.6747;199.2474;194.9189;4491;218.3164;192.2830;187.0447;5859;220.1338;193.8424;189.1385;6591;220.1569;194.6358;189.8298;11759;214.2013;217.2987;224.4899;194;36;238;238
39.59819;223.8892;197.3342;193.4923;2346;223.6747;199.2474;194.9189;4491;218.3164;192.2830;187.0447;5859;220.1338;193.8424;189.1385;6591;220.1569;194.6358;189.8298;11759;214.2013;217.2987;224.4899;194;36;238;238
39.64065;222.0203;192.9578;189.5943;2369;221.7173;195.2987;191.1879;4630;219.9450;194.9583;189.6246;5905;220.6719;194.2057;189.5017;6671;220.3275;194.5591;189.7656;11983;214.0908;217.8705;225.1410;194;36;238;238
39.66244;222.0203;192.9578;189.5943;2369;221.7173;195.2987;191.1879;4630;219.9450;194.9583;189.6246;5905;220.6719;194.2057;189.5017;6671;220.3275;194.5591;189.7656;11983;214.0908;217.8705;225.1410;194;36;238;238
39.70647;223.8252;196.9628;193.5028;2363;223.5779;198.8662;195.4167;4627;217.5418;191.5941;186.1574;5999;219.5486;193.2752;188.4313;6693;219.6739;193.9584;189.3569;12045;214.1369;217.6899;224.7778;194;36;238;238
39.72874;223.8252;196.9628;193.5028;2363;223.5779;198.8662;195.4167;4627;217.5418;191.5941;186.1574;5999;219.5486;193.2752;188.4313;6693;219.6739;193.9584;189.3569;12045;214.1369;217.6899;224.7778;194;36;238;238
39.77357;222.6071;194.2180;191.2720;2316;222.3940;195.8974;192.6159;4462;220.1600;195.0914;189.6068;5976;220.8662;194.4211;189.9197;6650;220.7411;195.0141;190.3996;11875;214.4948;218.4861;225.4695;194;36;238;238
39.79723;222.6071;194.2180;191.2720;2316;222.3940;195.8974;192.6159;4462;220.1600;195.0914;189.6068;5976;220.8662;194.4211;189.9197;6650;220.7411;195.0141;190.3996;11875;214.4948;218.4861;225.4695;194;36;238;238
39.84075;223.0976;194.8524;191.8257;2243;222.7815;196.8206;193.3743;4448;218.0212;192.1740;186.8814;5989;219.3373;192.7538;188.2049;6599;219.6500;193.5075;188.9868;11853;213.8852;217.5360;224.6118;194;36;238;238
39.86344;223.0976;194.8524;191.8257;2243;222.7815;196.8206;193.3743;4448;218.0387;192.3894;187.0914;5920;219.3875;192.8459;188.3161;6684;219.4336;193.1883;188.7113;11966;213.8852;217.5360;224.6118;194;36;239;239
39.90902;223.5055;196.3386;193.1529;2348;223.5099;198.1772;194.5967;4503;218.6907;192.5738;187.0619;5852;220.3179;193.5378;188.9629;6666;220.1111;193.9946;189.2405;11844;214.4064;217.7934;224.8604;194;36;239;239
39.92732;222.1793;193.5490;189.8164;2348;222.1693;195.8694;191.4699;4541;219.7640;194.5809;189.1577;5949;220.5885;194.2131;189.4004;6668;220.3976;194.5534;189.5521;11931;214.1976;217.9276;224.9397;194;36;238;238
39.98212;222.1793;193.5490;189.8164;2348;222.1693;195.8694;191.4699;4541;219.7640;194.5809;189.1577;5949;220.5885;194.2131;189.4004;6668;220.3976;194.5534;189.5521;11931;214.1976;217.9276;224.9397;194;36;238;238
40.00391;224.6263;198.2595;194.5124;2293;225.1676;201.4275;196.9541;4426;218.0448;192.3405;187.8400;6006;220.1429;194.0487;189.9415;6552;220.3030;195.0570;190.6101;11961;214.1677;217.7508;224.7616;194;36;237;237
40.04589;224.6263;198.2595;194.5124;2293;225.1676;201.4275;196.9541;4426;218.0448;192.3405;187.8400;6006;220.1429;194.0487;189.9415;6552;220.3030;195.0570;190.6101;11961;214.1677;217.7508;224.7616;194;36;237;237
40.06851;222.7326;194.4281;191.0363;2315;223.0711;197.3812;193.0652;4431;220.1626;195.8765;189.8905;5917;220.7610;194.8143;189.6903;6603;221.0048;195.9374;190.6188;11995;214.5773;218.2110;225.2332;194;36;236;236
40.10817;222.7326;194.4281;191.0363;2315;223.0711;197.3812;193.0652;4431;220.1626;195.8765;189.8905;5917;220.7610;194.8143;189.6903;6603;221.0048;195.9374;190.6188;11995;214.5773;218.2110;225.2332;194;36;236;236
40.13009;222.7108;195.1819;192.0360;2358;223.0387;198.6747;194.7452;4497;218.6617;193.0376;187.4749;5991;219.7807;193.2437;188.4181;6615;219.9084;194.4706;189.6369;11981;213.9613;217.3889;224.5668;193;36;237;237
40.16990;222.7108;195.1819;192.0360;2358;223.0387;198.6747;194.7452;4497;218.6617;193.0376;187.4749;5991;219.7807;193.2437;188.4181;6615;219.9084;194.4706;189.6369;11981;213.9613;217.3889;224.5668;193;36;237;237
40.19234;224.0086;196.6734;192.9680;2315;223.4701;198.4160;194.5794;4567;218.4747;193.1429;187.9592;5957;220.2913;194.1886;189.5851;6677;220.3685;194.9762;190.3335;11951;214.5075;217.7093;224.9133;193;36;238;238
40.23063;222.0323;193.6606;190.2640;2322;221.1585;195.1534;191.2775;4544;219.7324;194.4579;189.2693;6023;220.4003;193.9536;189.3422;6675;220.0391;194.3341;189.6248;11971;214.1969;217.9048;224.9514;193;36;238;238
40.25120;221.9610;193.6548;190.2749;2335;221.0895;195.1834;191.3011;4570;219.8838;194.6539;189.3833;5998;220.5291;194.1141;189.4347;6632;220.0036;194.2849;189.5678;11978;214.1969;217.9048;224.9514;192;36;238;238
40.29112;224.4239;197.5290;193.9791;2293;224.3796;199.8280;195.8887;4412;218.2196;191.5029;186.3786;5914;220.3310;193.4363;188.7335;6558;220.3588;194.4158;189.7551;11743;214.1986;217.6866;224.8166;192;36;238;238
40.31162;224.4239;197.5290;193.9791;2293;224.3796;199.8280;195.8887;4412;218.2196;191.5029;186.3786;5914;220.3310;193.4363;188.7335;6558;220.3588;194.4158;189.7551;11743;214.1986;217.6866;224.8166;192;36;238;238
40.35204;222.1551;193.1555;190.0464;2328;221.6120;194.8750;191.2406;4551;219.9640;194.9645;189.3668;5998;220.8516;194.3616;189.5275;6584;220.4096;194.5933;189.7646;11948;214.2384;217.5069;224.6754;192;36;238;238
40.37174;222.1551;193.1555;190.0464;2328;221.6120;194.8750;191.2406;4551;219.9882;195.0869;189.4932;5949;220.6747;194.1762;189.4033;6692;220.1861;194.2851;189.4943;12002;214.2384;217.5069;224.6754;192;36;239;239
40.41341;223.3790;194.9310;191.1509;2319;223.1850;197.3884;193.2051;4475;218.1627;192.1470;186.9051;5994;219.6925;192.4668;187.7366;6673;219.5507;193.3674;188.5172;11961;213.8794;217.5109;224.7079;192;36;239;239
40.46186;223.6640;196.0051;192.3198;2333;223.4911;198.2236;194.2184;4445;218.7220;192.8201;187.6058;5938;220.2626;193.4095;188.7225;6623;220.3419;194.6105;189.8471;11834;214.2383;217.4627;224.5254;192;36;238;238
40.50526;223.6640;196.0051;192.3198;2333;223.4911;198.2236;194.2184;4445;218.7220;192.8201;187.6058;5938;220.2626;193.4095;188.7225;6623;220.3419;194.6105;189.8471;11834;214.2383;217.4627;224.5254;192;36;238;238
40.52826;222.2095;193.6335;190.9309;2344;221.4471;195.1873;191.8013;4534;219.8155;193.9769;189.6480;5977;220.4899;193.5045;189.6747;6597;220.2251;194.1531;190.1611;11956;214.0770;217.5817;224.8173;192;36;238;238
40.56769;222.2095;193.6335;190.9309;2344;221.4471;195.1873;191.8013;4534;219.8155;193.9769;189.6480;5977;220.4899;193.5045;189.6747;6597;220.2251;194.1531;190.1611;11956;214.0770;217.5817;224.8173;192;36;238;238
40.58951;224.8486;197.8717;194.9517;2338;224.2213;199.7609;196.2235;4537;217.9498;191.9086;186.1780;5962;220.1618;193.6903;188.8675;6632;220.1041;194.5783;189.7815;11947;214.2661;218.0126;225.0060;192;36;238;238
40.63135;224.8486;197.8717;194.9517;2338;224.2213;199.7609;196.2235;4537;217.9498;191.9086;186.1780;5962;220.1618;193.6903;188.8675;6632;220.1041;194.5783;189.7815;11947;214.2661;218.0126;225.0060;192;36;238;238
40.65287;221.8734;192.8288;189.7099;2354;222.1220;195.8793;192.0157;4449;220.4357;195.4237;190.1349;5960;220.6522;194.1374;189.6164;6622;220.7837;195.0961;190.3559;11887;214.4054;218.1402;225.1657;192;36;238;238
40.69535;221.8734;192.8288;189.7099;2354;222.1220;195.8793;192.0157;4449;220.4357;195.4237;190.1349;5960;220.6522;194.1374;189.6164;6622;220.7837;195.0961;190.3559;11887;214.4054;218.1402;225.1657;192;36;238;238
40.71640;223.5915;195.6261;192.5595;2284;223.2450;198.0532;194.3942;4417;218.7370;191.8978;187.2932;5849;220.1461;192.5395;188.5304;6563;219.9403;193.4723;189.2069;11892;213.9691;217.6350;224.7756;192;36;239;239
40.76677;223.3181;196.1313;192.6374;2383;222.7771;197.4923;193.6765;4550;218.9504;193.3604;188.0900;5922;220.3857;194.0191;189.3445;6687;220.1494;194.2412;189.6025;11983;214.4834;217.6336;224.8358;192;36;239;239
40.78754;223.3181;196.1313;192.6374;2383;222.7771;197.4923;193.6765;4550;218.9504;193.3604;188.0900;5922;220.3857;194.0191;189.3445;6687;220.1494;194.2412;189.6025;11983;214.4834;217.6336;224.8358;192;36;239;239
40.82974;222.4414;194.0000;190.4075;2356;221.9609;195.9003;191.7122;4475;219.8896;194.6923;188.7859;5950;220.5427;194.0574;189.0171;6738;220.3453;194.4128;189.2452;11962;214.1896;217.9812;224.9724;192;36;239;239
40.85283;222.4414;194.0000;190.4075;2356;221.9609;195.9003;191.7122;4475;219.7005;194.2740;188.3876;5970;220.5120;194.0211;188.9365;6598;220.4222;194.5722;189.3808;11911;214.1896;217.9812;224.9724;192;36;238;238
40.89133;224.6605;199.2460;194.6398;2374;224.4741;200.8664;196.1808;4520;218.0296;192.1423;186.6793;5887;220.1832;194.3848;189.0987;6606;220.4463;195.3064;190.2488;11788;214.2745;217.8494;225.0666;192;36;238;238
40.91262;224.6605;199.2460;194.6398;2374;224.4741;200.8664;196.1808;4520;218.0296;192.1423;186.6793;5887;220.1832;194.3848;189.0987;6606;220.4463;195.3064;190.2488;11788;214.2745;217.8494;225.0666;192;36;238;238
40.95279;222.3756;193.5564;191.0169;2367;221.7920;195.6080;192.3078;4600;220.2770;195.9060;189.9431;6065;220.8167;194.7023;190.0473;6662;220.7278;195.4995;190.5984;11987;214.4070;218.5616;225.5543;192;36;238;238
40.97387;222.3756;193.5564;191.0169;2367;221.7920;195.6080;192.3078;4600;220.2770;195.9060;189.9431;6065;220.8167;194.7023;190.0473;6662;220.7278;195.4995;190.5984;11987;214.4070;218.5616;225.5543;192;36;238;238
41.01135;222.4337;195.0179;191.8766;2407;222.4306;197.0377;193.4412;4619;218.4119;192.1677;187.1614;6011;219.5274;192.7400;188.3966;6684;219.7997;193.6727;189.2465;12099;214.0597;217.4514;224.6252;192;36;238;238
41.03254;222.4337;195.0179;191.8766;2407;222.4306;197.0377;193.4412;4619;218.4119;192.1677;187.1614;6011;219.5274;192.7400;188.3966;6684;219.7997;193.6727;189.2465;12099;214.0597;217.4514;224.6252;192;36;238;238
41.07268;223.4996;196.4110;192.5623;2326;223.2146;198.1967;194.2195;4483;218.9713;193.6967;188.3996;5958;220.2176;194.2396;189.3854;6595;220.4452;195.1363;190.3383;11884;214.6435;218.2223;225.2701;192;36;238;238
41.11773;222.3615;193.7425;190.7291;2318;221.9291;195.8628;192.1873;4469;219.6490;193.9576;188.7094;5992;220.3320;193.5704;189.1734;6576;220.3482;194.3492;189.6768;11892;214.0930;217.7004;224.7986;192;36;238;238
41.15964;222.3615;193.7425;190.7291;2318;221.9291;195.8628;192.1873;4469;219.6490;193.9576;188.7094;5992;220.3320;193.5704;189.1734;6576;220.3482;194.3492;189.6768;11892;214.0930;217.7004;224.7986;192;36;238;238
41.18170;224.0523;197.4905;193.5112;2373;223.6400;198.9151;195.1157;4581;217.5821;191.6426;186.3484;5996;219.6364;193.4541;188.5941;6661;219.8129;194.1714;189.4502;11990;214.4851;218.2768;225.2311;192;36;238;238
41.22375;224.0523;197.4905;193.5112;2373;223.6400;198.9151;195.1157;4581;217.5821;191.6426;186.3484;5996;219.6364;193.4541;188.5941;6661;219.8129;194.1714;189.4502;11990;214.4851;218.2768;225.2311;192;36;238;238
41.24569;222.1354;193.2300;188.7266;2348;221.3333;194.9600;190.3551;4545;220.4162;195.1947;189.8395;6000;220.8046;194.1126;189.0352;6623;220.7290;195.0117;189.8860;11952;214.6104;218.3600;225.2131;192;36;238;238
41.28430;222.1354;193.2300;188.7266;2348;221.3333;194.9600;190.3551;4545;220.4162;195.1947;189.8395;6000;220.8046;194.1126;189.0352;6623;220.7290;195.0117;189.8860;11952;214.6104;218.3600;225.2131;192;36;238;238
41.30983;223.2042;195.2854;191.9442;2365;223.1198;197.4278;193.7149;4483;218.8587;192.1636;187.4011;6008;219.6994;192.2603;188.0399;6623;220.3262;193.8719;189.5141;11947;214.0480;217.7549;224.8504;192;36;238;238
41.34908;223.2042;195.2854;191.9442;2365;223.1198;197.4278;193.7149;4483;218.8587;192.1636;187.4011;6008;219.6994;192.2603;188.0399;6623;220.3262;193.8719;189.5141;11947;214.0480;217.7549;224.8504;192;36;238;238
41.36706;222.9876;195.4288;191.8837;2339;222.6825;197.3944;193.3864;4495;219.4924;193.4528;188.6343;5967;220.5270;193.6589;189.3589;6584;220.5777;194.6766;190.2259;11935;214.7625;218.3759;225.2655;192;36;238;238
41.42164;222.2544;193.1093;190.3290;2398;221.9760;195.1008;191.7399;4506;219.2031;193.4170;187.6216;5875;220.0625;193.0319;188.1981;6623;219.9907;193.6747;188.9579;11815;213.9865;217.4630;224.6837;192;36;238;238
41.44331;222.3088;193.1048;190.2995;2377;222.4795;196.0234;192.4751;4494;219.2063;193.5816;187.8491;5939;220.0204;192.9665;188.1448;6569;220.1161;193.9584;189.1885;11891;213.9865;217.4630;224.6837;193;36;237;237
41.48564;224.6985;197.8104;193.9974;2315;224.8476;200.5373;196.5206;4456;218.5130;192.5492;186.9961;6107;220.0273;193.4187;188.3628;6560;220.5512;194.9098;190.0252;12009;214.2219;217.8230;224.9005;193;36;237;237
41.50738;224.8653;197.9459;194.0952;2331;225.0145;200.7180;196.6656;4483;218.4000;192.3095;186.7482;5980;219.9643;193.2036;188.1754;6612;220.5492;194.8921;190.0117;12068;214.2219;217.8230;224.9005;194;36;236;236
41.54936;222.2007;193.0829;189.8044;2352;222.6824;196.1296;192.4624;4483;220.5934;195.5524;190.2638;5945;220.7230;193.9576;189.4973;6646;220.9418;194.9411;190.2710;12081;214.2896;217.6273;224.7573;194;36;236;236
41.57134;222.2007;193.0829;189.8044;2352;222.6824;196.1296;192.4624;4483;220.4834;195.5443;190.2546;6037;220.8255;194.2350;189.7617;6642;220.9333;194.9644;190.2983;12033;214.2896;217.6273;224.7573;194;36;237;237
41.61119;224.1594;196.0508;192.8532;2302;224.6089;199.5227;195.6291;4446;218.0606;192.0754;186.0234;6035;219.9567;193.0907;187.8283;6580;220.2124;194.2132;189.1885;11954;214.1503;217.9698;225.0264;194;36;237;237
41.66189;223.3750;195.4287;192.3153;2328;223.4821;198.0230;194.2122;4472;219.2331;194.3680;189.2583;5967;220.6074;194.5311;190.2023;6605;220.5408;195.0880;190.4859;11913;214.5245;217.6505;224.8523;194;36;237;237
41.70592;223.3750;195.4287;192.3153;2328;223.4821;198.0230;194.2122;4472;219.2331;194.3680;189.2583;5967;220.6074;194.5311;190.2023;6605;220.5408;195.0880;190.4859;11913;214.5245;217.6505;224.8523;194;36;237;237
41.72512;222.0859;193.7131;190.6745;2304;222.7082;196.9601;193.5929;4490;219.3282;193.9702;188.7028;5975;220.1254;193.4707;189.0341;6594;220.2355;194.4476;189.9315;11929;213.9667;217.3339;224.6786;194;36;237;237
41.76458;222.0859;193.7131;190.6745;2304;222.7082;196.9601;193.5929;4490;219.3282;193.9702;188.7028;5975;220.1254;193.4707;189.0341;6594;220.2355;194.4476;189.9315;11929;213.9667;217.3339;224.6786;194;36;237;237
41.78965;225.0602;197.8316;193.6191;2376;224.6395;199.5807;195.3078;4522;217.7407;191.8435;187.1339;5944;220.1935;193.8653;189.3773;6689;220.2776;194.5526;190.0024;11815;214.5694;217.8178;224.9164;194;36;238;238
41.83043;225.0602;197.8316;193.6191;2376;224.6395;199.5807;195.3078;4522;217.7407;191.8435;187.1339;5944;220.1935;193.8653;189.3773;6689;220.2776;194.5526;190.0024;11815;214.5694;217.8178;224.9164;194;36;238;238
41.85110;222.1527;193.1337;189.9970;2311;221.7631;195.1706;191.3717;4525;220.3972;195.5499;190.1861;5894;220.9217;194.7212;190.0927;6642;220.6969;195.0225;190.2902;11796;214.4490;217.7921;224.9685;194;36;238;238
41.89238;222.1527;193.1337;189.9970;2311;221.7631;195.1706;191.3717;4525;220.3972;195.5499;190.1861;5894;220.9217;194.7212;190.0927;6642;220.6969;195.0225;190.2902;11796;214.4490;217.7921;224.9685;194;36;238;238
41.91439;224.0967;195.6242;192.5267;2400;223.9241;198.0711;194.6689;4531;218.4021;192.1392;187.3981;5896;220.2206;193.0179;188.9345;6722;220.2234;193.9606;189.8011;11793;214.3277;217.4172;224.6869;194;36;238;238
41.96601;223.1735;194.1709;191.2640;2352;223.0614;196.5636;193.2289;4482;219.3102;193.8231;189.1037;5968;220.5371;193.9236;189.6573;6732;220.6140;194.5655;190.3988;11856;214.8277;218.5179;225.5385;194;36;238;238
41.98685;223.1743;194.1697;191.2583;2346;223.4522;197.4619;193.9406;4458;219.5801;194.2490;189.4544;6045;220.6515;193.8303;189.5541;6631;220.8088;194.9490;190.6969;11911;214.8277;218.5179;225.5385;194;36;237;237
42.03207;222.0997;193.5163;190.2902;2326;222.4525;196.8413;192.9059;4378;219.0704;192.9975;188.2040;5979;219.8777;192.5326;188.2357;6613;219.9990;193.8757;189.4249;11909;214.2508;218.1724;225.3796;194;36;237;237
42.05364;222.0997;193.5163;190.2902;2326;222.4525;196.8413;192.9059;4378;219.0704;192.9975;188.2040;5979;219.8777;192.5326;188.2357;6613;219.9990;193.8757;189.4249;11909;214.2508;218.1724;225.3796;194;36;237;237
42.09341;223.5376;197.0311;193.6555;2351;224.2298;199.8979;196.4042;4495;218.4672;191.9095;186.4573;6036;219.9743;193.2076;188.4076;6642;220.5258;194.5449;189.8821;11939;214.3687;217.7667;224.7990;194;36;237;237
42.11626;223.5376;197.0311;193.6555;2351;224.2298;199.8979;196.4042;4495;218.7238;192.1147;186.5993;5930;219.8316;192.8757;188.0999;6645;220.5178;194.4953;189.8229;11992;214.3687;217.7667;224.7990;194;36;236;236
42.15653;222.0404;192.4003;189.3879;2328;222.1301;195.6065;191.7855;4498;220.6383;195.1658;189.9959;5850;220.9316;193.6016;189.2591;6546;220.7682;194.6682;190.0053;11952;214.4026;217.9802;225.1959;194;36;236;236
42.17954;221.9962;192.4153;189.4161;2343;221.8931;195.3823;191.6096;4462;220.7983;195.3589;190.1023;5876;221.0120;193.7783;189.4315;6594;220.8410;194.8095;190.1180;11822;214.4026;217.9802;225.1959;194;36;235;235
42.21850;223.4018;195.7139;193.0950;2317;223.8098;199.0139;195.2433;4390;218.4250;192.3204;187.0560;6049;219.5739;192.5475;188.2637;6586;220.3669;194.5698;189.9079;11987;214.0543;217.0160;224.2383;194;36;235;235
42.24040;223.4018;195.7139;193.0950;2317;223.8098;199.0139;195.2433;4390;218.4250;192.3204;187.0560;6049;219.5739;192.5475;188.2637;6586;220.3669;194.5698;189.9079;11987;214.0543;217.0160;224.2383;194;36;235;235
42.27994;222.2825;194.3688;190.7868;2340;222.2717;196.7726;193.0027;4460;219.7086;194.4216;188.8523;5998;220.2734;193.9242;189.0531;6665;220.4742;194.9021;190.1465;11903;214.6386;218.4659;225.5817;194;36;235;235
42.31783;222.1860;193.3768;190.3209;2306;222.9245;197.1133;193.5266;4438;219.3604;192.9406;188.1807;5888;219.7932;192.2184;188.1587;6597;220.1580;193.7171;189.5016;11946;213.9147;217.1526;224.4892;194;36;236;236
42.35868;222.1860;193.3768;190.3209;2306;222.9245;197.1133;193.5266;4438;219.3604;192.9406;188.1807;5888;219.7932;192.2184;188.1587;6597;220.1580;193.7171;189.5016;11946;213.9147;217.1526;224.4892;194;36;236;236
42.38405;224.1872;197.7535;194.1453;2292;224.8140;200.9085;196.6921;4424;218.7498;192.6834;187.8960;5847;220.0244;193.4539;189.1991;6600;220.6610;195.2718;190.6712;11904;214.6779;217.9428;225.1448;194;36;236;236
42.42524;224.1872;197.7535;194.1453;2292;224.8140;200.9085;196.6921;4424;218.7498;192.6834;187.8960;5847;220.0244;193.4539;189.1991;6600;220.6610;195.2718;190.6712;11904;214.6779;217.9428;225.1448;194;36;236;236
42.44609;222.4636;193.7386;190.8571;2295;222.4176;197.0268;193.1888;4411;220.3841;195.8041;190.1728;5886;220.8799;194.6559;189.9703;6576;220.7443;195.5894;190.7455;11935;214.4822;217.8285;225.0829;194;36;236;236
42.48610;222.4636;193.7386;190.8571;2295;222.4176;197.0268;193.1888;4411;220.3841;195.8041;190.1728;5886;220.8799;194.6559;189.9703;6576;220.7443;195.5894;190.7455;11935;214.4822;217.8285;225.0829;194;36;236;236
42.50992;224.5393;196.5115;194.0369;2303;224.5940;199.9924;196.3811;4466;218.8579;193.0885;187.7450;6003;220.2019;193.2463;188.8502;6577;220.5846;194.9666;190.3076;12147;214.3487;217.9884;225.0393;194;36;236;236
42.54849;224.5393;196.5115;194.0369;2303;224.5940;199.9924;196.3811;4466;218.8579;193.0885;187.7450;6003;220.2019;193.2463;188.8502;6577;220.5846;194.9666;190.3076;12147;214.3487;217.9884;225.0393;194;36;236;236
42.57168;222.9691;194.9086;191.6095;2297;222.7431;197.9154;193.4089;4480;220.2677;194.9090;189.6832;5887;221.1120;194.5543;189.9576;6502;221.0466;195.6590;190.7687;11801;214.4201;217.3746;224.5031;194;36;237;237
42.62200;222.0386;193.6260;190.7316;2329;222.4331;197.0946;193.4318;4463;219.0381;192.9380;187.8179;6085;219.6997;192.5758;188.1776;6617;220.1446;194.0480;189.5400;11988;214.1416;217.9675;224.9191;194;36;237;237
42.64342;222.0900;193.6138;190.6972;2312;222.6713;197.3163;193.6080;4490;219.0556;192.9291;187.8090;5994;219.5727;192.3215;187.9719;6644;220.1747;194.0626;189.5427;12043;214.1416;217.9675;224.9191;195;36;236;236
42.68611;223.6296;197.5894;193.3392;2338;224.2908;200.4298;195.5436;4481;218.4490;192.0846;187.3297;5947;219.9357;193.1704;188.7004;6656;220.3610;194.7985;189.9733;12051;214.5565;217.8116;225.0083;195;36;236;236
42.70723;223.4170;197.4489;193.2432;2319;224.0686;200.2323;195.4168;4477;218.7014;192.3284;187.4792;5910;219.9321;193.2159;188.7156;6572;220.3311;194.7513;189.9386;12061;214.5565;217.8116;225.0083;194;36;236;236
42.75053;221.4043;192.7910;189.2930;2345;222.1065;196.0431;192.0574;4387;220.2763;194.8521;189.7319;5823;220.4205;193.4520;188.9218;6556;220.6426;194.8663;190.2244;11844;214.1830;217.5127;224.8170;194;36;236;236
42.77270;221.4043;192.7910;189.2930;2345;222.1065;196.0431;192.0574;4387;220.2763;194.8521;189.7319;5823;220.4205;193.4520;188.9218;6556;220.6426;194.8663;190.2244;11844;214.1830;217.5127;224.8170;194;36;236;236
42.81200;224.2558;196.1231;193.3955;2291;224.4712;199.5449;196.0326;4452;217.7782;191.4326;186.2091;5941;219.6272;192.3397;187.9551;6586;219.9849;193.9306;189.4624;12034;214.0359;217.2522;224.4905;194;36;236;236
42.86227;222.1735;193.0463;190.2077;2311;222.5099;195.9595;192.7203;4448;219.9647;193.9293;189.2055;6010;220.6507;193.3298;189.2736;6556;220.8545;194.4261;190.2702;11890;214.3788;217.2302;224.6488;193;36;237;237
42.90177;222.1735;193.0463;190.2077;2311;222.5099;195.9595;192.7203;4448;219.9647;193.9293;189.2055;6010;220.6507;193.3298;189.2736;6556;220.8545;194.4261;190.2702;11890;214.3788;217.2302;224.6488;193;36;237;237
42.92616;221.8942;193.2838;190.1659;2315;221.8373;195.4880;191.9144;4463;218.8957;192.3824;187.8709;6033;219.4719;192.0782;187.9712;6559;219.9924;193.2830;189.2723;11878;214.1507;217.7155;225.1434;193;36;238;238
42.96832;221.8942;193.2838;190.1659;2315;221.8373;195.4880;191.9144;4463;218.8957;192.3824;187.8709;6033;219.4719;192.0782;187.9712;6559;219.9924;193.2830;189.2723;11878;214.1507;217.7155;225.1434;193;36;238;238
42.99042;224.6591;197.0035;193.6539;2300;223.9475;198.2680;194.8171;4477;218.7922;192.4513;187.6851;6002;220.2812;193.2357;188.9783;6589;220.6516;194.2745;190.0528;11820;214.4698;216.9586;224.5362;193;36;238;238
43.02985;224.6591;197.0035;193.6539;2300;223.9475;198.2680;194.8171;4477;218.7922;192.4513;187.6851;6002;220.2812;193.2357;188.9783;6589;220.6516;194.2745;190.0528;11820;214.4698;216.9586;224.5362;193;36;238;238
43.05317;222.5516;192.6812;189.7724;2337;221.7363;194.6898;191.2267;4539;220.4475;194.5119;189.6446;5909;221.0294;193.6743;189.5233;6637;220.8051;194.3683;189.9456;11830;214.3138;217.4359;224.9428;193;36;238;238
43.09266;222.5516;192.6812;189.7724;2337;221.7363;194.6898;191.2267;4539;220.4475;194.5119;189.6446;5909;221.0294;193.6743;189.5233;6637;220.8051;194.3683;189.9456;11830;214.3138;217.4359;224.9428;193;36;238;238
43.11645;224.0017;196.0906;192.9728;2350;223.8874;198.3156;195.1398;4521;218.3832;191.6767;186.6501;5908;219.9424;192.6408;188.3245;6653;220.4315;194.0348;189.8050;11782;214.3736;217.4195;224.7223;193;36;238;238
43.16610;222.5625;193.6569;190.7107;2361;222.4802;196.0794;192.6110;4481;220.3194;194.5651;189.7423;5942;220.8172;193.8752;189.8454;6657;221.0210;194.8674;190.5193;11837;214.7462;217.8650;225.2582;193;36;238;238
43.18743;222.5625;193.6569;190.7107;2361;222.4802;196.0794;192.6110;4481;220.3194;194.5651;189.7423;5942;220.8172;193.8752;189.8454;6657;221.0210;194.8674;190.5193;11837;214.7462;217.8650;225.2582;193;36;238;238
43.23204;222.8348;194.6900;191.5694;2313;222.7144;196.9289;193.5691;4528;218.5506;192.3338;187.1738;6030;219.8542;192.8653;188.3006;6617;219.9092;193.5496;189.2697;11966;213.9733;216.8473;224.4337;193;36;238;238
43.25384;222.8348;194.6900;191.5694;2313;222.7144;196.9289;193.5691;4528;218.5506;192.3338;187.1738;6030;219.8542;192.8653;188.3006;6617;219.9092;193.5496;189.2697;11966;213.9733;216.8473;224.4337;193;36;238;238
43.29347;224.6129;197.4828;193.9216;2320;224.1109;198.9366;195.0643;4555;218.4876;192.5312;188.1441;5962;220.3299;193.8266;189.6884;6656;220.3951;194.6054;190.3952;11919;214.4798;217.1097;224.3324;193;36;238;238
43.31719;224.6129;197.4828;193.9216;2320;224.1109;198.9366;195.0643;4555;218.4876;192.5312;188.1441;5962;220.3299;193.8266;189.6884;6656;220.3951;194.6054;190.3952;11919;214.4798;217.1097;224.3324;193;36;238;238
43.35624;222.6126;194.1858;190.3943;2341;222.4516;196.3381;192.1864;4528;220.0295;194.3027;189.5519;5996;221.0271;194.2516;189.8127;6690;220.6804;194.6644;190.1895;11983;214.1612;217.3618;224.7597;193;36;238;238
43.37949;222.6126;194.1858;190.3943;2341;222.4516;196.3381;192.1864;4528;220.0295;194.3027;189.5519;5996;221.0271;194.2516;189.8127;6690;220.6804;194.6644;190.1895;11983;214.1612;217.3618;224.7597;193;36;238;238
43.42190;224.1097;197.1434;193.1396;2371;224.4292;199.8436;195.3981;4527;218.3333;191.0297;186.7625;5997;220.3733;193.1160;189.0323;6655;220.2500;193.7609;189.5317;12006;214.3218;217.8279;224.8820;193;36;238;238
43.44550;224.1097;197.1434;193.1396;2371;224.4292;199.8436;195.3981;4527;218.3333;191.0297;186.7625;5997;220.3733;193.1160;189.0323;6655;220.2500;193.7609;189.5317;12006;214.3218;217.8279;224.8820;193;36;238;238
43.48634;223.6597;194.2226;191.2047;2345;223.0585;195.9388;192.2340;4513;219.8931;194.2250;190.0221;6013;221.2430;194.1783;190.4395;6691;220.7518;194.3436;190.2468;11960;214.5062;217.5608;224.6744;193;36;238;238
43.51792;223.4866;194.6486;191.1480;2419;223.1701;196.6079;192.9088;4563;218.8094;191.8491;187.6077;5903;220.3110;192.3628;188.4951;6792;219.9617;192.7570;188.8031;11977;213.8277;216.5020;223.9863;192;36;239;239
43.55793;223.4866;194.6486;191.1480;2419;223.1701;196.6079;192.9088;4563;218.8094;191.8491;187.6077;5903;220.3110;192.3628;188.4951;6792;219.9617;192.7570;188.8031;11977;213.8277;216.5020;223.9863;192;36;239;239
43.58404;224.4476;196.8116;193.4609;2330;224.0975;198.3508;194.8928;4544;218.6759;192.0736;187.0282;5896;220.5176;193.3664;188.8832;6723;220.4045;193.6000;189.2764;11954;214.5422;217.8750;225.1778;192;36;239;239
43.62386;224.4476;196.8116;193.4609;2330;224.0975;198.3508;194.8928;4544;218.6759;192.0736;187.0282;5896;220.5176;193.3664;188.8832;6723;220.4045;193.6000;189.2764;11954;214.5422;217.8750;225.1778;192;36;239;239
43.64591;223.3593;193.6177;190.8630;2307;222.9900;195.8562;192.5061;4479;219.9616;194.4192;189.3348;6049;220.8749;193.7890;189.4987;6795;220.6471;194.0958;189.7746;12056;214.0048;216.8717;224.2723;192;36;239;239
43.68489;223.3593;193.6177;190.8630;2307;222.9900;195.8562;192.5061;4479;219.9616;194.4192;189.3348;6049;220.8749;193.7890;189.4987;6795;220.6471;194.0958;189.7746;12056;214.0048;216.8717;224.2723;192;36;239;239
43.70997;225.1937;197.6130;194.5464;2390;224.4048;199.2957;195.6409;4545;218.0982;191.2933;186.8222;5966;220.2469;193.0305;189.1250;6880;220.1807;193.6228;189.4903;12049;214.0847;216.9026;224.3025;192;36;239;239
43.74902;225.1937;197.6130;194.5464;2390;224.4048;199.2957;195.6409;4545;218.0982;191.2933;186.8222;5966;220.2469;193.0305;189.1250;6880;220.1807;193.6228;189.4903;12049;214.0847;216.9026;224.3025;192;36;239;239
43.77139;222.6553;193.2515;190.7621;2350;222.4589;195.4057;192.4165;4511;220.1582;194.6701;189.9467;6042;220.8177;193.9828;190.0320;6754;220.9935;194.6876;190.5729;11964;214.3312;217.3098;224.5532;192;36;238;238
43.82221;222.5716;194.0043;191.2262;2334;222.7218;196.3463;193.1010;4536;217.9942;191.8339;187.3734;6058;219.2783;192.0806;188.2217;6740;219.5405;192.9950;188.9941;12023;213.7214;216.9696;224.3558;192;36;238;238
43.84406;222.5716;194.0043;191.2262;2334;222.7218;196.3463;193.1010;4536;217.9942;191.8339;187.3734;6058;219.2783;192.0806;188.2217;6740;219.5405;192.9950;188.9941;12023;213.7214;216.9696;224.3558;192;36;238;238
43.88608;224.0860;195.6518;192.4310;2441;223.6816;197.4921;193.7885;4501;218.7333;192.6237;187.8911;5932;220.3174;193.2811;189.2360;6781;220.4890;194.1227;189.7336;11844;214.1859;217.4098;224.6554;192;36;238;238
43.90829;223.6828;195.2314;192.0951;2377;223.6402;197.5199;193.8158;4522;218.7782;192.5809;187.8078;5951;220.2033;193.0697;188.9920;6655;220.5696;194.2256;189.8028;11868;214.1859;217.4098;224.6554;191;36;238;238
43.95040;222.3511;193.0860;189.4578;2313;222.1178;194.9420;191.1397;4517;220.1744;194.1629;189.1625;5974;220.8408;193.3749;189.0337;6597;220.6514;194.0234;189.4777;11959;213.9318;217.1326;224.5056;191;36;238;238
43.97416;222.3511;193.0860;189.4578;2313;222.1178;194.9420;191.1397;4517;220.1744;194.1629;189.1625;5974;220.8408;193.3749;189.0337;6597;220.6514;194.0234;189.4777;11959;213.9318;217.1326;224.5056;191;36;238;238
44.01464;224.1021;197.2966;193.1722;2340;224.1997;199.6825;195.1759;4526;218.1286;191.3241;186.7502;6033;220.0602;193.2760;188.8994;6692;220.4048;194.2721;189.7177;11933;214.0579;217.2249;224.3827;191;36;238;238
44.06242;223.2612;193.7875;190.8822;2301;222.9904;195.8438;192.3987;4470;220.4015;195.6309;189.9041;5963;221.2711;194.6897;189.9584;6584;221.1972;195.3212;190.5477;11818;214.3826;217.6432;224.9383;191;36;238;238
44.10179;223.2612;193.7875;190.8822;2301;222.9904;195.8438;192.3987;4470;220.4015;195.6309;189.9041;5963;221.2711;194.6897;189.9584;6584;221.1972;195.3212;190.5477;11818;214.3826;217.6432;224.9383;191;36;238;238
44.12624;222.8835;194.4909;191.4934;2351;222.7233;196.8010;193.2229;4482;218.8273;192.1623;187.4757;6000;219.6684;192.1587;188.0917;6710;219.9595;193.3032;189.1236;11965;213.8675;217.0144;224.4026;190;36;239;239
44.16550;222.8835;194.4909;191.4934;2351;222.7233;196.8010;193.2229;4482;218.8273;192.1623;187.4757;6000;219.6684;192.1587;188.0917;6710;219.9595;193.3032;189.1236;11965;213.8675;217.0144;224.4026;190;36;239;239
44.19020;223.2526;195.8997;192.2201;2304;223.1727;197.6144;193.6745;4442;218.9043;192.9829;188.1478;5959;220.0991;193.4487;189.0975;6677;220.0505;193.8933;189.3794;12031;214.4750;217.4630;224.6209;190;36;239;239
44.23415;223.2526;195.8997;192.2201;2304;223.1727;197.6144;193.6745;4442;218.9043;192.9829;188.1478;5959;220.0991;193.4487;189.0975;6677;220.0505;193.8933;189.3794;12031;214.4750;217.4630;224.6209;190;36;239;239
44.25655;221.7301;192.5555;189.3909;2297;221.6843;194.8415;191.1440;4485;219.8564;194.3548;188.5139;5879;220.1874;193.1322;188.2543;6574;220.1572;193.7025;188.7692;11965;214.0921;217.0185;224.4598;190;36;239;239
44.29873;221.7301;192.5555;189.3909;2297;221.6843;194.8415;191.1440;4485;219.8564;194.3548;188.5139;5879;220.1874;193.1322;188.2543;6574;220.1572;193.7025;188.7692;11965;214.0921;217.0185;224.4598;190;36;239;239
44.32218;224.3984;196.4484;193.9353;2317;223.7542;198.6523;195.5135;4532;218.0840;190.8721;186.7036;5999;220.0762;192.6742;189.1121;6670;220.1520;193.5939;189.7667;11949;214.1912;217.0422;224.4025;191;36;238;238
44.36605;222.4095;192.3616;189.8673;2276;221.8202;194.0612;191.0009;4526;220.5105;194.4949;190.3816;5969;221.0434;193.6077;189.9769;6505;220.8622;193.9610;190.2326;11963;214.1776;217.4276;224.6929;191;36;238;238
44.38875;222.4095;192.3616;189.8673;2276;221.8202;194.0612;191.0009;4526;220.5105;194.4949;190.3816;5969;221.0434;193.6077;189.9769;6505;220.8622;193.9610;190.2326;11963;214.1776;217.4276;224.6929;191;36;238;238
44.43214;223.0382;194.2357;191.5601;2278;222.9376;196.1631;192.9454;4470;218.2588;191.1238;186.9340;6043;219.6871;191.8172;188.1515;6607;219.8504;192.6149;188.7780;11953;213.7684;217.0317;224.4081;191;36;238;238
44.45484;223.3231;195.0247;192.1953;2309;223.3093;197.0915;193.7251;4449;218.6000;191.6377;187.3733;5993;219.9001;192.1140;188.4053;6667;220.0760;193.0044;189.1018;12105;213.7684;217.0317;224.4081;190;35;239;239
44.49424;223.3926;195.3620;192.2830;2290;223.2765;197.1740;193.7935;4489;219.5516;193.2112;188.7227;5943;220.4665;193.1778;189.2195;6692;220.8061;194.2501;190.1769;12085;214.3173;217.2234;224.3504;190;35;239;239
44.51529;223.2075;194.7502;191.7749;2270;222.9207;196.4300;193.2160;4463;219.1655;192.5521;188.1657;5950;220.1414;192.6629;188.7473;6564;220.6855;193.9603;189.9383;11877;214.3173;217.2234;224.3504;190;36;238;238
44.55619;222.4605;191.7968;189.4501;2293;221.6626;193.9557;190.8677;4473;219.7742;193.2683;188.5006;5971;220.4409;192.0417;188.4000;6530;220.3998;193.3152;189.1251;11862;213.8162;216.9600;224.5086;190;36;238;238
44.57970;222.4605;191.7968;189.4501;2293;221.6626;193.9557;190.8677;4473;219.7742;193.2683;188.5006;5971;220.4409;192.0417;188.4000;6530;220.3998;193.3152;189.1251;11862;213.8162;216.9600;224.5086;190;36;238;238
44.61827;223.9817;196.4038;192.7393;2355;223.7162;198.3134;194.2453;4553;218.5820;190.9245;186.2161;5919;220.4265;192.4479;188.0883;6533;220.5659;193.6801;189.1920;11819;214.1054;217.0523;224.3570;190;36;238;238
44.63849;223.9817;196.4038;192.7393;2355;223.7162;198.3134;194.2453;4553;218.5820;190.9245;186.2161;5919;220.4265;192.4479;188.0883;6533;220.5659;193.6801;189.1920;11819;214.1054;217.0523;224.3570;190;36;238;238
44.67732;221.9944;192.1460;189.6166;2308;221.5774;193.9308;190.8542;4465;220.7940;194.7216;190.0179;5931;220.9349;193.1461;189.2788;6543;220.9869;194.3128;190.1547;11810;214.2010;217.0576;224.3738;190;36;238;238
44.71791;222.9832;194.8623;191.7077;2316;223.1992;197.0889;193.5121;4489;218.7501;191.2258;186.3635;5978;220.0274;192.0207;187.6990;6525;220.3525;193.2895;188.8744;11893;213.9019;216.5709;224.0696;190;36;238;238
44.75830;222.9832;194.8623;191.7077;2316;223.1992;197.0889;193.5121;4489;218.7501;191.2258;186.3635;5978;220.0274;192.0207;187.6990;6525;220.3525;193.2895;188.8744;11893;213.9019;216.5709;224.0696;190;36;238;238
44.78387;223.3511;195.0545;191.9321;2313;223.0709;197.2473;193.7950;4469;219.2862;193.4938;187.8644;5972;220.4852;193.5308;188.6996;6494;220.6077;194.7109;189.9568;11904;214.8398;218.3606;225.5312;190;36;238;238
44.82592;223.3511;195.0545;191.9321;2313;223.0709;197.2473;193.7950;4469;219.2862;193.4938;187.8644;5972;220.4852;193.5308;188.6996;6494;220.6077;194.7109;189.9568;11904;214.8398;218.3606;225.5312;190;36;238;238
44.84633;221.9477;192.9987;188.3881;2332;220.9766;193.8244;189.0842;4572;219.8495;193.7929;187.3776;5953;220.3228;193.0122;187.1237;6500;220.0410;193.2724;187.6153;12031;214.6276;219.1103;225.1888;190;36;238;238
44.88608;221.9477;192.9987;188.3881;2332;220.9766;193.8244;189.0842;4572;219.8495;193.7929;187.3776;5953;220.3228;193.0122;187.1237;6500;220.0410;193.2724;187.6153;12031;214.6276;219.1103;225.1888;190;36;238;238
44.90997;224.6033;198.1151;194.1927;2397;223.9818;199.2906;195.1278;4570;219.0141;192.3347;185.5791;6027;220.5974;193.6466;187.8323;6737;220.4987;194.2483;188.4648;12311;215.0333;219.5670;225.5542;190;35;239;239
44.95379;224.6033;198.1151;194.1927;2397;223.9818;199.2906;195.1278;4570;219.0141;192.3347;185.5791;6027;220.5974;193.6466;187.8323;6737;220.4987;194.2483;188.4648;12311;215.0333;219.5670;225.5542;190;35;239;239
44.97556;221.8225;192.1274;187.3087;2394;220.7612;193.0627;188.4156;4644;220.5014;194.8624;187.7229;5973;220.8828;193.5915;187.2660;6653;220.3447;193.6981;187.6280;12128;215.1716;219.7431;225.7763;191;36;238;238
